Ranking,Institucion,Puntuacion_Total,excel_lider,normalized_impact,normalized_impact_leadership,output,stp,lider,colab,q1,excel,ik,tech_impact,patents,open_access,not_own_journals_output,own_journals,overton,sdg,female_stp,AM
1,Universidad de Chile,100.0,100.0,72.02991410604828,0.79547,100.0,100.0,100.0,100.0,100.0,100.0,100.0,26.15384615384616,43.47826086956522,65.55026512282221,100.0,72.72727272727273,93.72937293729372,99.84748347737673,100.0,100.0
2,Pontificia Universidad Catolica de Chile,91.91232336037412,97.8021978021978,79.9752699476966,0.82179,91.06650073047994,84.5529090199141,92.93543136190992,93.03393962122632,95.58764540714,99.29635761589404,86.69950738916256,25.274725274725277,100.0,65.58730913195889,90.39454885152216,100.0,100.0,100.0,82.6930853214719,91.23534834716185
3,Universidad de Concepcion,47.10610170142739,39.804639804639805,73.04622668332969,0.73267,47.15112818570424,42.39750097618118,45.34997287032013,49.41871366960435,49.16766947452868,44.61920529801324,41.87192118226601,22.857142857142858,77.39130434782608,62.84566838783706,47.02714584020222,40.909090909090914,41.254125412541256,53.245212675817655,41.023048928427016,47.89938100882391
4,"Universidad Andres Bello, Chile",31.49037933431975,22.954822954822955,71.79054835915441,0.79091,34.13776310805692,22.74111675126904,25.3174172544764,36.99606225389086,31.899318090653832,33.443708609271525,25.615763546798032,19.340659340659343,6.086956521739131,67.51188589540412,34.57522804703814,4.545454545454546,15.84158415841584,30.486358244365363,22.139102304892845,34.67667588568418
5,Universidad de Santiago de Chile,29.81260997419669,31.746031746031743,60.05699814193992,0.68239,30.663925112277475,24.982428738773915,31.926207270754205,29.51434464654041,28.479743281187325,26.86258278145696,33.004926108374384,28.13186813186813,45.21739130434783,61.13267466478476,31.14078470161557,0.0,18.151815181518156,28.520589730554143,20.21835826930853,30.139602265244303
6,Universidad Austral de Chile,26.788997686814863,21.001221001221,62.15905258772887,0.72837,27.04399112602132,22.530261616556032,26.31578947368421,28.18301143821489,26.764941837144,22.557947019867548,15.763546798029555,14.945054945054949,14.782608695652174,66.19323864772954,26.761182547532695,31.818181818181817,22.607260726072607,31.757329266226066,22.482814395471088,29.05702620834979
7,Pontificia Universidad Catolica de Valparaiso,26.25031395100571,31.746031746031743,60.20643642591234,0.76834,27.330772144364484,19.820382663022254,27.509495387954424,26.59853740858804,23.736462093862816,25.496688741721854,20.689655172413797,19.78021978021978,11.304347826086955,67.79493269992082,27.16782063963073,27.27272727272727,15.346534653465346,26.063379088290123,19.551152446421348,27.447649150533376
8,Universidad de la Frontera,22.366244598470853,21.978021978021975,70.08721641440691,0.71336,22.74768681348412,18.26630222569309,23.80900705371677,23.82336396024752,18.692338547934213,19.908940397350992,17.24137931034483,19.78021978021978,17.391304347826086,68.03804994054697,21.562809099901088,9.090909090909092,17.491749174917494,25.91086256566684,18.39870602507076,23.774529171605423
9,Universidad Tecnica Federico Santa Maria,20.164179271287797,19.29181929181929,75.27127015929062,0.80393,21.95227530977761,12.784068723155018,18.78459034183397,26.467279204950312,21.70076213397513,25.41390728476821,26.60098522167488,30.549450549450547,71.30434782608695,61.45884672252341,22.293658643807014,0.0,5.2805280528052805,15.45500762582613,6.490093004448038,18.27999473198999
10,Universidad Autonoma de Chile,18.109778914204867,14.774114774114777,74.03344508143064,0.79087,19.349602294248147,8.379539242483405,13.022246337493218,24.0577536096006,18.32129963898917,21.150662251655632,26.108374384236456,34.94505494505495,6.956521739130435,69.13614760972881,19.6505110451698,0.0,16.666666666666664,21.1320115234706,8.754549130610595,23.09232187541156
11,Universidad de Talca,17.13407750129799,19.169719169719173,65.87980136610396,0.82138,17.51528596937395,11.425224521671222,18.18773738469886,17.82298893680855,16.81708784596871,17.177152317880797,19.704433497536947,29.670329670329675,7.82608695652174,64.17541692402718,17.501923288273435,18.181818181818183,12.54125412541254,20.555837993560413,9.543065103113626,17.045963387330435
12,Universidad Catolica del Norte,16.942127755447977,16.483516483516482,64.31136061573864,0.79329,17.526107894594446,11.292463881296367,16.26695604991861,20.410650665666605,17.45888487765744,15.769867549668874,7.881773399014778,11.64835164835165,11.304347826086955,63.61111111111112,17.672271678206396,9.090909090909092,16.5016501650165,18.52228435858329,9.684593610998787,18.5038851573818
13,Universidad de Valparaiso,16.802578059825855,11.233211233211234,60.49473329233699,0.58198,17.569395595476436,15.2362358453729,16.136733586543677,17.26982936433527,16.32571199358203,15.687086092715234,8.866995073891626,13.186813186813188,13.91304347826087,74.32266009852216,17.776678755907245,9.090909090909092,11.056105610561056,15.06524317912218,15.608572583906186,17.563545370736204
14,Universidad Catolica del Maule,14.574530657386022,11.5995115995116,57.281148955585095,0.7046,15.226448785238894,9.70714564623194,14.66087900162778,15.98537408588037,10.068190934616927,11.05132450331126,7.881773399014778,13.626373626373628,8.695652173913043,71.22557726465364,15.463237718430598,0.0,8.25082508250825,18.16641247246229,9.260008087343309,16.86685104701699
15,Universidad de Tarapaca,14.239085752059744,16.605616605616603,89.06653971024842,0.83065,15.464531140089822,7.130027333073017,14.11828540423223,18.713669604350272,14.861612515042118,19.660596026490065,7.389162561576355,12.30769230769231,6.086956521739131,66.91150752011193,14.91922189251566,18.181818181818183,4.950495049504951,13.082528385019486,5.903760614638092,13.907546424338207
16,Universidad Adolfo Ibanez,13.586371945103853,17.338217338217337,71.7588092545939,0.84363,14.328228991937667,7.387739164388911,14.75854584915898,14.616538533658357,14.450461291616524,15.89403973509934,6.896551724137931,14.505494505494507,6.956521739130435,63.23140807852021,14.287284316957908,13.636363636363637,16.831683168316832,12.794441620064395,5.984634047715325,14.012906624522586
17,Universidad del Desarrollo,13.524512633676386,13.553113553113551,92.98301296674668,0.99317,13.278502245549484,12.838734869191724,12.013022246337494,13.453965872867055,12.815884476534295,14.90066225165563,11.330049261083744,23.51648351648352,7.82608695652174,69.0020366598778,13.484998351467196,0.0,19.141914191419144,16.302321640399935,13.687828548321876,14.67930989068879
18,Universidad Diego Portales,12.828539447554109,14.407814407814406,80.4513565161043,0.89951,13.727612142200096,7.645450995704802,10.91698317959848,14.74779673729608,14.640994785399116,17.715231788079468,1.9704433497536944,3.956043956043956,22.608695652173918,73.60126083530339,13.814704912627764,13.636363636363637,14.686468646864686,12.150482968988308,6.89446016983421,13.42420650599236
19,Universidad Mayor,12.33324557924751,10.744810744810746,77.39117785139487,0.85363,12.62377576970943,9.418196017180788,9.213239283776453,13.725857866116634,13.287204171680706,13.120860927152316,16.748768472906402,33.84615384615385,4.3478260869565215,69.9228791773779,12.820090119793385,0.0,15.01650165016502,14.522962209794953,9.866558835422564,14.519952587909918
20,Universidad del Bio-Bio,11.851875283929347,6.95970695970696,49.521599121884776,0.57394,12.569666143606948,10.21475985942991,11.741725447639718,11.794487155447216,9.937825912555152,8.31953642384106,6.896551724137931,13.846153846153848,14.782608695652174,61.96213425129088,12.616771073744369,13.636363636363637,4.29042904290429,13.014743263853584,8.855640921957137,11.693665217963916
21,Universidad San Sebastian,11.103798497885652,7.0818070818070815,61.37879960061628,0.66198,11.763432714679942,9.332292073408825,8.160607704829083,11.33508344271517,9.80746089049338,9.602649006622515,6.896551724137931,15.604395604395604,12.173913043478262,65.14942528735632,11.94636773271788,0.0,6.270627062706271,13.828164717844432,9.563283461382936,12.3824575266693
22,Universidad Catolica de la Santisima Concepcion,11.06760379883594,8.669108669108669,64.92564453525355,0.7297,11.86624100427466,6.762983209683718,10.103092783505154,12.675792237014813,10.33894905736061,9.892384105960266,4.433497536945813,10.10989010989011,12.173913043478262,65.26891522333636,12.050774810418726,0.0,5.445544554455446,11.354007795288934,6.672058228871816,12.932964572632688
23,"Universidad de los Andes, Chile",10.8414823541967,11.355311355311356,66.67394021146178,0.68963,10.962610248363184,11.65950800468567,11.88279978296256,9.525595349709356,9.025270758122744,10.016556291390728,8.866995073891626,23.07692307692308,7.82608695652174,64.77553034040453,11.133091548521817,0.0,10.396039603960396,9.439078122352145,11.180752122927618,10.189648360331883
24,Universidad de Antofagasta,9.502040490576588,7.448107448107448,97.1943954031197,0.80121,10.096856230723446,6.278797344787193,7.650569723277266,12.328895555972249,10.880465302847975,12.458609271523178,9.35960591133005,22.857142857142858,13.91304347826087,71.77289769683985,10.253874052093636,0.0,5.2805280528052805,8.574817827486866,5.438738374443995,10.29105755300935
25,Universidad Catolica de Temuco,9.259208742842487,6.95970695970696,48.66332083606091,0.56076,9.712677885395811,8.332682545880516,9.723277265328267,7.884867804237765,5.996791014841556,5.877483443708609,1.477832512315271,3.956043956043956,6.956521739130435,69.543429844098,9.863721288053632,0.0,5.2805280528052805,10.540586341298084,8.794985847149212,9.366521796391414
26,"Universidad Santo Tomas, Chile",7.842663618313252,3.5409035409035408,54.16344316385975,0.65551,8.322060494561983,7.739164388910582,5.784047748236572,8.241140071254453,5.294825511432009,5.091059602649007,3.4482758620689653,10.76923076923077,0.0,74.39896036387265,8.451478184415869,0.0,4.950495049504951,9.388239281477716,8.228871815608573,9.076781245884368
27,Universidad Bernardo O'Higgins,6.916373352499533,4.761904761904762,52.73187730191162,0.58391,7.526648990855474,4.2327215931276845,6.511123168746609,7.106694168385524,6.187324508624148,5.132450331125828,4.433497536945813,15.384615384615383,20.0,71.47988505747126,7.643697109572481,0.0,1.8151815181518156,6.761565836298933,4.144763445208249,7.604372448307652
28,Universidad de Los Lagos,6.62770730054007,6.471306471306472,59.10019638570947,0.78217,6.996374655051134,4.076532604451386,6.239826370048833,6.872304519032439,5.254713196951464,5.91887417218543,0.9852216748768472,3.7362637362637368,2.608695652173913,70.32457496136011,7.05022529948346,4.545454545454546,6.6006600660066,8.456193865446535,3.699959563283461,7.435796128012644
29,Universidad de La Serena,6.570254820181145,4.63980463980464,96.31958633367056,0.70559,7.2723337481738,4.373291682936353,4.688008681497558,8.916182261391336,8.744484556758925,10.47185430463576,2.955665024630542,10.10989010989011,0.0,77.24907063197026,7.385426969996703,0.0,2.64026402640264,4.185731231994577,4.023453295592399,6.73383379428421
30,Universidad Alberto Hurtado,5.872019363186668,5.494505494505495,48.565458596999335,0.5571,6.011579459985931,4.974619289340102,7.498643516006512,3.375210950684418,3.730445246690734,3.849337748344371,0.0,0.0,0.0,68.25539568345324,6.077590944059787,4.545454545454546,6.105610561056106,7.134384002711405,5.418520016174687,5.605162649809034
31,"Universidad de Las Americas, Chile",5.703617744557677,4.029304029304029,49.02633684447177,0.62204,6.011579459985931,4.16243654822335,5.122083559413999,4.819051190699419,4.512635379061372,3.9735099337748343,2.955665024630542,12.527472527472527,0.0,77.78776978417265,6.105066490823168,0.0,3.96039603960396,7.79528893407897,4.043671653861707,6.5244303964177535
32,Universidad de Atacama,5.631539708490138,2.8083028083028085,62.18087322211422,0.52633,6.249661814836859,3.662631784459196,4.329896907216495,7.697356084755297,5.264741275571601,5.21523178807947,2.955665024630542,12.30769230769231,4.3478260869565215,67.30103806228374,6.346851302340917,0.0,1.8151815181518156,5.355024572106423,2.951880307319046,5.94231529039905
33,Universidad de Magallanes,4.714547567305973,4.029304029304029,78.60784352621451,0.76262,4.707537470916076,3.451776649746193,3.6353771025501898,5.897243577723608,5.224628961091056,5.049668874172186,0.9852216748768472,5.274725274725275,1.7391304347826086,70.49368541905855,4.681833168480052,4.545454545454546,8.415841584158416,5.829520420267751,3.4573392640517597,5.750032925062557
34,Universidad Tecnologica Metropolitana,4.698862696651174,3.1746031746031744,49.98313860070223,0.64007,5.1566473675666895,3.053494728621632,3.95008138903961,4.622163885242828,4.21179302045728,3.890728476821192,6.896551724137931,34.285714285714285,5.217391304347826,49.37106918238994,5.236839213100341,0.0,0.6600660066006601,5.338078291814947,2.567731500202184,4.912419333596733
35,Universidad Finis Terrae,4.269126114971696,2.8083028083028085,76.2287331468661,0.54469,4.453222228234402,4.068723155017572,3.982637004883342,3.6189761860116256,3.229041315683915,3.5596026490066226,1.9704433497536944,11.868131868131869,0.0,66.01941747572816,4.522474997252445,0.0,1.98019801980198,5.202508049483138,3.8819247877072383,4.2367970499143945
36,Universidad Arturo Prat,4.208169839880601,3.1746031746031744,50.7799223714401,0.53776,4.409934527352416,3.365872705974229,4.004340748779164,4.312769548096756,3.6401925391095062,3.932119205298013,1.9704433497536944,11.428571428571429,0.0,72.42647058823529,4.4785141224310365,0.0,1.4851485148514851,4.660227080155906,2.7901334411645773,4.5291716054260505
37,Universidad de Playa Ancha,4.17381647949844,1.5873015873015872,37.50967050842078,0.41185,4.420756452572912,3.607965638422491,4.416711882799783,3.0751921995124696,2.7476935419173687,1.73841059602649,2.4630541871921183,15.824175824175825,1.7391304347826086,72.6161369193154,4.412572810198923,4.545454545454546,3.3003300330033,5.033045246568378,4.346947027901335,3.986566574476491
38,Universidad Central de Chile,3.4524754627309737,2.6862026862026864,61.96597303498576,0.53931,3.6091120610356575,2.600546661460367,3.114487249050461,3.2908306769173072,2.707581227436823,3.0215231788079477,2.955665024630542,21.75824175824176,3.4782608695652173,70.35928143712576,3.6652379382349705,0.0,1.32013201320132,4.185731231994577,2.689041649818035,3.6480969313841696
39,Universidad Metropolitana de Ciencias de la Educacion,2.7247087837330124,0.8547008547008548,43.14005541118672,0.37265,3.0626048374005737,2.3818820773135494,2.77807921866522,2.568910556909807,1.4239871640593662,1.4486754966887416,0.0,0.0,0.0,72.31040564373897,3.110231893614683,0.0,0.495049504950495,2.25385527876631,2.3655479175090983,2.647175029632556
40,Universidad Catolica Cardenal Raul Silva Henriquez,2.0929507161964374,1.098901098901099,38.40828390629029,0.50765,2.278015258914561,2.0148379539242485,2.126966901790559,1.6501031314457153,0.8624147613317288,0.9519867549668874,0.0,0.0,0.0,82.22748815165875,2.3024508187712933,4.545454545454546,1.155115511551155,2.1691238773089307,1.961180752122928,1.9702357434479127
41,Universidad de Vina del Mar,1.6823212506841898,0.4884004884004884,37.42701659029444,0.36974,1.8830149883664304,1.4135103475204998,1.4758545849158982,1.6782298893680856,0.94263939029282,0.6208609271523179,0.0,0.0,0.0,83.95415472779369,1.912298054731289,0.0,0.495049504950495,1.3218098627351298,1.5365952284674484,1.856973528249704
42,Universidad Adventista de Chile,1.4724493919414283,1.221001221001221,64.74645084075567,0.89421,1.5475353065310318,1.5150331901600935,1.1177428106348344,1.443840240015001,0.9827517047733656,1.283112582781457,0.0,0.0,0.0,75.95818815331009,1.57160127486537,0.0,0.495049504950495,1.4234875444839856,1.6781237363526085,1.447385750032925
43,Universidad Academia de Humanismo Cristiano,1.1788400289546344,0.4884004884004884,31.571151798879875,0.37079,1.1850008116443915,1.1479890667707926,1.465002712967987,0.5531595724732796,0.6919374247894103,0.4966887417218543,0.0,0.0,0.0,74.54545454545455,1.2034289482360698,0.0,0.495049504950495,1.4234875444839856,1.2333198544278203,1.056236006848413
44,Universidad Tecnologica de Chile,0.8629859301280798,0.3663003663003663,40.84426018130964,0.48728,0.9036307559114768,1.0308473252635688,0.694519804666305,0.6187886742921432,0.4512635379061371,0.3311258278145695,1.477832512315271,41.53846153846153,0.0,61.30952380952381,0.9176832618969116,0.0,0.165016501650165,0.7964751736993729,0.950262838657501,0.8705386540234428
45,Universidad Internacional SEK Chile,0.62189084166067,0.0,43.40851533726104,0.32812,0.6763703262810454,0.4373291682936353,0.2495930548019533,0.6562910181886368,0.4512635379061371,0.2897350993377483,0.4926108374384236,17.802197802197803,0.0,73.01587301587301,0.6868886690845147,0.0,1.155115511551155,0.6439586510760889,0.4852405984634048,0.7809824838667194
46,Universidad Gabriela Mistral,0.3451765491700985,0.1221001221001221,35.60201807806497,0.48117,0.3138358313944051,0.2967590784849668,0.3255561584373304,0.2343896493530845,0.0902527075812274,0.1241721854304635,0.9852216748768472,100.0,0.0,81.35593220338983,0.3187163424552148,0.0,0.0,0.2541942043721403,0.2830570157703194,0.3476886606084551
47,Universidad Pedro de Valdivia,0.3085431275350374,0.1221001221001221,40.541416225294746,0.37342,0.2867810183431632,0.4139008199921906,0.2170374389582203,0.2343896493530845,0.1504211793020457,0.1241721854304635,0.0,0.0,0.0,64.81481481481481,0.2912407956918343,0.0,0.0,0.2541942043721403,0.3639304488475536,0.3595416831291979
48,Universidad Miguel de Cervantes,0.1576854902673575,0.1221001221001221,18.324043032935933,0.60997,0.135274065256209,0.1718078875439281,0.0868149755832881,0.0937558597412338,0.0,0.0413907284768211,0.0,0.0,0.0,84.61538461538461,0.1373777338169029,0.0,0.0,0.0847314014573801,0.1415285078851597,0.1000921901751613
49,"Universidad de Artes, Ciencias y Comunicacion",0.0993519310970705,0.0,24.052951406108456,0.13665,0.0649315513229803,0.0780944943381491,0.0759631036353771,0.075004687792987,0.0200561572402727,0.0413907284768211,0.0,0.0,0.0,69.23076923076923,0.0659413122321134,0.0,0.0,0.067785121165904,0.0808734330772341,0.0618991176083234
50,Universidad Bolivariana de Chile,0.0849734115079983,0.0,17.398980381265993,0.34762,0.0378767382717385,0.0780944943381491,0.032555615843733,0.0468779298706169,0.0200561572402727,0.0,0.0,0.0,0.0,87.5,0.0384657654687328,0.0,0.0,0.050838840874428,0.1213101496158512,0.015804030027657
51,"Universidad del Mar, Chile",0.0796997953162839,0.0,100.0,0.0,0.0432877008819869,0.0312377977352596,0.0,0.0656291018188636,0.0100280786201363,0.0827814569536423,0.0,0.0,0.0,77.77777777777777,0.0439608748214089,0.0,0.0,0.050838840874428,0.040436716538617,0.0342420650599236
52,Universidad ARCIS,0.0715616304118683,0.0,22.5572461036943,0.0,0.0270548130512418,0.0390472471690745,0.043407487791644,0.0375023438964935,0.0300842358604091,0.0,0.0,0.0,0.0,83.33333333333333,0.0274755467633805,0.0,0.0,0.033892560582952,0.0202183582693085,0.0197550375345713
53,Universidad La Republica,0.0618707652131584,0.0,5.439289044057845,0.0974,0.0270548130512418,0.0702850449043342,0.032555615843733,0.0093755859741233,0.0100280786201363,0.0,0.0,0.0,0.0,66.66666666666666,0.0274755467633805,0.0,0.0,0.033892560582952,0.0606550748079256,0.015804030027657
54,Universidad Iberoamericana de Ciencias y Tecnologia,0.0553947082015325,0.0,11.742146224699637,0.0,0.0054109626102483,0.0078094494338149,0.0,0.0093755859741233,0.0,0.0,0.0,0.0,0.0,100.0,0.0054951093526761,0.0,0.0,0.016946280291476,0.0,0.0039510075069142
55,Universidad Los Leones,0.050823150834114,0.0,0.0,0.0,0.0,0.0,0.010851871947911,0.0,0.0,0.0,0.0,0.0,0.0,100.0,0.0,0.0,0.0,0.0,0.0,0.0
56,"Universidad del Pacifico, Chile",0.0353106355534511,0.0,1.5948900041657574,0.02412,0.0054109626102483,0.0546661460367044,0.021703743895822,0.0187511719482467,0.0,0.0,0.0,0.0,0.0,50.0,0.0054951093526761,0.0,0.0,0.0,0.0202183582693085,0.0039510075069142
57,Universidad Ucinf,0.0,0.0,2.904789298631912,0.0,0.0,0.0,0.0,0.0093755859741233,0.0,0.0,0.0,0.0,0.0,0.0,0.0,0.0,0.0,0.0,0.0,0.0
