"id","name","mutualDocumentsCount"
"60008134","CNRS Centre National de la Recherche Scientifique","425"
"60002746","Harvard Medical School","59"
"60026851","University of Oxford","73"
"60008088","Universidade de São Paulo","304"
"60000905","Inserm","73"
"60022148","University College London","77"
"60031101","University of Cambridge","100"
"60032179","University of Wisconsin-Madison","58"
"60010365","The University of British Columbia","55"
"60023691","University of California, San Francisco","104"
"60003771","The University of Manchester","89"
"60001422","Sorbonne Université","101"
"60006754","Consejo Superior de Investigaciones Científicas","335"
"60025063","KU Leuven","69"
"60028717","Ludwig-Maximilians-Universität München","52"
"60106017","Université Paris-Saclay","84"
"60007457","Lomonosov Moscow State University","87"
"60010065","The University of Arizona","53"
"60033316","Universiteit Gent","77"
"60001576","Universitat de Barcelona","142"
"60004518","Consejo Nacional de Investigaciones Científicas y Técnicas","352"
"60010023","Rijksuniversiteit Groningen","61"
"60015138","University of Nottingham","94"
"60032442","Universidad Nacional Autónoma de México","98"
"60027282","Universidad Complutense de Madrid","68"
"60029570","Universidade Estadual de Campinas","93"
"60023020","Universitat Autònoma de Barcelona","105"
"60006028","Universidade Estadual Paulista "Júlio de Mesquita Filho"","61"
"60106051","Universidade de Lisboa","103"
"60000036","Universidade Federal do Rio de Janeiro","187"
"60005686","University of Auckland","61"
"60007249","Universidade do Porto","54"
"60104653","Université Grenoble Alpes","71"
"60002644","Universitat de València","83"
"60026796","Universidad Autónoma de Madrid","76"
"60006726","Universidade Federal do Rio Grande do Sul","90"
"60027844","Universidad de Granada","169"
"60001563","Universidad de Buenos Aires","149"
"60030074","Universidade Federal de Minas Gerais","72"
"60104289","Université de Lorraine","69"
"60033284","Universidad de Sevilla","61"
"60027856","Universidad del Pais Vasco","104"
"60011149","Trinity College Dublin","96"
"60007592","Universitat Politècnica de Catalunya","101"
"60021508","University of Notre Dame","65"
"60012464","Universidad de Chile","2469"
"60102126","Université de Lyon","58"
"60014992","Universidade Federal de São Paulo","168"
"60011476","Universitat Politècnica de València","55"
"60016809","Universidad de Zaragoza","67"
"60028442","Universidad Politécnica de Madrid","80"
"60029681","Pontificia Universidad Católica de Chile","1559"
"60028419","Universidade de Santiago de Compostela","69"
"60017609","Universidade Federal de Santa Catarina","56"
"60001602","Instituto de Salud Carlos III","61"
"60109606","Saveetha Institute of Medical and Technical Sciences","54"
"60004572","Swansea University","51"
"60006793","Universidad de Oviedo","55"
"60031482","Universidade Federal de Pernambuco","58"
"60000130","Universidad de Murcia","76"
"60032057","Universidad Nacional de La Plata","70"
"60020457","Universidade Federal do Ceará","66"
"60013918","Universidade Federal de Vicosa","52"
"60000823","Universidad de Castilla-La Mancha","93"
"60001170","Yeungnam University","55"
"60003044","Universidad de la Laguna","77"
"60001282","Universidad de Concepcion","484"
"60000658","Universidad Nacional de Córdoba","95"
"60055833","Universidad de Antioquia","68"
"60071612","Universidad de la Republica","75"
"60052106","Universidad de Los Andes, Colombia","56"
"60000590","Universidade Federal de Juiz de Fora","83"
"60033019","Universidad Pública de Navarra (UPNA)","138"
"60002636","Universidad Andrés Bello","856"
"60003634","Universidad Austral de Chile","252"
"60023520","Pontificia Universidad Católica de Valparaíso","591"
"60001197","Universidad Central de Venezuela","71"
"60071929","Universidad de Costa Rica","82"
"60007087","Universidad Técnica Federico Santa María","505"
"60066812","Universidad del Valle, Cali","56"
"60002946","Facultad de Medicina de la Universidad de Chile","349"
"60007268","Max Planck Institute for Astronomy","51"
"60033545","Pontificia Universidad Javeriana","72"
"60012035","Universidad de la Frontera","349"
"60029195","Universidad Católica del Norte","157"
"60017989","Space Research Institute of the Russian Academy of Sciences","54"
"60008781","Universidad de Valparaiso","296"
"60016278","Universidad de Talca","248"
"60281060","Hospital Universitario de Navarra","96"
"60022684","Universidad Nacional de Cuyo","68"
"60105371","Universidad Autónoma de Chile","591"
"60030782","Universidad de Tarapacá","211"
"60013592","Universidad Diego Portales","336"
"60267265","Instituto de Investigación Sanitaria de Navarra","99"
"60065589","Universidad del Rosario","91"
"60023195","Universidad del Bio Bio","127"
"60006469","Universidad del Desarrollo","184"
"60000636","Universidad San Sebastián","291"
"60003942","Universidad Adolfo Ibáñez","244"
"60002218","Universidad Nacional de San Luis","54"
"60009462","Universidad Católica del Maule","317"
"60011284","Universidad de los Andes, Chile","140"
"60004443","CSIC - Instituto de Agroquímica y Tecnología de Alimentos (IATA)","60"
"60031536","Universidad Catolica de la Santisima Concepcion","100"
"60000146","Clinica Alemana","118"
"60122504","Facultad de Ciencias Físicas y Matemáticas de la Universidad de Chile","236"
"60011527","Universidad de Antofagasta","73"
"60007643","CSIC - Instituto de Quimica Fisica Rocasolano (IQFR)","71"
"60025749","Universidad Católica de Temuco","77"
"60005881","Universidad Mayor","301"
"60011682","Hospital Clínico Universidad De Chile","77"
"60016754","Universidad de La Serena","130"
"60009128","Universidad Santo Tomas, Santiago","316"
"60009418","Facultad de Medicina","67"
"60007572","Universidad de Los Lagos","187"
"60043089","Faculdade de Motricidade Humana, Universidade de Lisboa","65"
"60105370","Universidad Bernardo O'Higgins","210"
"60001755","Universidad Tecnológica Metropolitana","389"
"60088733","Universidad Alberto Hurtado","66"
"60010144","Universidad Arturo Prat","153"
"60105362","Universidad de Las Américas Chile","271"
"60003449","Universidad de Magallanes","108"
"60271916","Centro de Investigación Biomédica en Red Sobre Fragilidad y Envejecimiento Saludable","79"
"60012992","Universidad de Atacama","122"
"60088707","Instituto de Ecología y Biodiversidad","54"
"60019586","Universidad de Playa Ancha","110"
"60105368","Universidad Finis Terrae","105"
"60088669","Universidad Central de Chile","160"
"60105870","Centro para el Desarrollo de la Nanociencia y Nanotecnología","991"
"60268180","Navarrabiomed","108"
"60086353","Atacama Large Millimeter-submillimeter Array","52"
"60281764","Facultad de Ciencias de la Vida","119"
"60157974","Universidad de O’Higgins","57"
"60003126","Universidad Metropolitana de Ciencias de la Educación","157"
"60008314","Universidad de San Andres","115"
"60281361","Centro de Ecología Aplicada y Sustentabilidad","52"
"60281366","Centro Avanzado de Enfermedades Crónicas","64"
"60281450","Instituto Milenio en Inmunología e Inmunoterapia","57"
"60105381","Universidad Católica Silva Henríquez","70"
"60033240","Universidad Viña del Mar","107"
"60019710","Hospital Barros Luco Trudeau","69"
"60011953","Comision Chilena de Energia Nuclear","73"
"60109658","Complejo Hospitalario San José","57"
"60281456","Instituto Milenio de Biología Integrativa","82"
"60281462","Instituto Milenio de Investigación en Óptica","62"
"60000981","Centro para la Investigación Interdisciplinaria Avanzada en Ciencias de los Materiales","54"
"60281523","Núcleo Milenio de Enfermedades Asociadas a Canales iónicos","54"
"60105891","Hospital y CRS El Pino","128"
"60281568","Núcleo Milenio sobre Exoplanetas Jóvenes y sus Lunas","64"
"60281411","Centro de Trastornos del Movimiento","54"