universidad,ventana,publicaciones_scopus,publicaciones_openalex,factor_openalex_scopus
Pontificia Universidad Catolica de Chile,2014-2018,13160,17252,1.311
Pontificia Universidad Catolica de Chile,2015-2019,13811,18402,1.332
Pontificia Universidad Catolica de Chile,2016-2020,14880,19900,1.337
Pontificia Universidad Catolica de Chile,2017-2021,15754,20784,1.319
Pontificia Universidad Catolica de Chile,2018-2022,16419,21166,1.289
Pontificia Universidad Catolica de Chile,2019-2023,16831,21737,1.291
Pontificia Universidad Catolica de Valparaiso,2014-2018,3421,4209,1.23
Pontificia Universidad Catolica de Valparaiso,2015-2019,3783,4672,1.235
Pontificia Universidad Catolica de Valparaiso,2016-2020,4235,5194,1.226
Pontificia Universidad Catolica de Valparaiso,2017-2021,4596,5477,1.192
Pontificia Universidad Catolica de Valparaiso,2018-2022,4910,5810,1.183
Pontificia Universidad Catolica de Valparaiso,2019-2023,5052,6074,1.202
Universidad ARCIS,2014-2018,15,127,8.467
Universidad ARCIS,2015-2019,12,119,9.917
Universidad ARCIS,2016-2020,13,107,8.231
Universidad ARCIS,2017-2021,11,109,9.909
Universidad ARCIS,2018-2022,8,78,9.75
Universidad ARCIS,2019-2023,6,79,13.167
Universidad Academia de Humanismo Cristiano,2014-2018,126,327,2.595
Universidad Academia de Humanismo Cristiano,2015-2019,163,419,2.571
Universidad Academia de Humanismo Cristiano,2016-2020,196,497,2.536
Universidad Academia de Humanismo Cristiano,2017-2021,230,553,2.404
Universidad Academia de Humanismo Cristiano,2018-2022,238,574,2.412
Universidad Academia de Humanismo Cristiano,2019-2023,220,519,2.359
Universidad Adolfo Ibanez,2014-2018,1288,1700,1.32
Universidad Adolfo Ibanez,2015-2019,1491,1972,1.323
Universidad Adolfo Ibanez,2016-2020,1754,2352,1.341
Universidad Adolfo Ibanez,2017-2021,2023,2642,1.306
Universidad Adolfo Ibanez,2018-2022,2303,2992,1.299
Universidad Adolfo Ibanez,2019-2023,2649,3427,1.294
Universidad Adventista de Chile,2014-2018,48,107,2.229
Universidad Adventista de Chile,2015-2019,94,169,1.798
Universidad Adventista de Chile,2016-2020,134,229,1.709
Universidad Adventista de Chile,2017-2021,166,304,1.831
Universidad Adventista de Chile,2018-2022,244,420,1.721
Universidad Adventista de Chile,2019-2023,287,503,1.753
Universidad Alberto Hurtado,2014-2018,605,1387,2.293
Universidad Alberto Hurtado,2015-2019,697,1527,2.191
Universidad Alberto Hurtado,2016-2020,800,1729,2.161
Universidad Alberto Hurtado,2017-2021,928,1922,2.071
Universidad Alberto Hurtado,2018-2022,999,2050,2.052
Universidad Alberto Hurtado,2019-2023,1112,2201,1.979
Universidad Andres Bello,2014-2018,3318,3542,1.068
Universidad Andres Bello,2015-2019,3668,3990,1.088
Universidad Andres Bello,2016-2020,4292,4676,1.089
Universidad Andres Bello,2017-2021,5062,5468,1.08
Universidad Andres Bello,2018-2022,5655,6036,1.067
Universidad Andres Bello,2019-2023,6310,6756,1.071
Universidad Arturo Prat,2014-2018,390,614,1.574
Universidad Arturo Prat,2015-2019,456,674,1.478
Universidad Arturo Prat,2016-2020,563,809,1.437
Universidad Arturo Prat,2017-2021,671,940,1.401
Universidad Arturo Prat,2018-2022,774,1056,1.364
Universidad Arturo Prat,2019-2023,816,1105,1.354
Universidad Austral de Chile,2014-2018,3231,3963,1.227
Universidad Austral de Chile,2015-2019,3547,4359,1.229
Universidad Austral de Chile,2016-2020,4060,4934,1.215
Universidad Austral de Chile,2017-2021,4545,5462,1.202
Universidad Austral de Chile,2018-2022,4878,5969,1.224
Universidad Austral de Chile,2019-2023,4999,6275,1.255
Universidad Autonoma de Chile,2014-2018,2083,2528,1.214
Universidad Autonoma de Chile,2015-2019,2457,2965,1.207
Universidad Autonoma de Chile,2016-2020,2754,3387,1.23
Universidad Autonoma de Chile,2017-2021,3079,3832,1.245
Universidad Autonoma de Chile,2018-2022,3349,4159,1.242
Universidad Autonoma de Chile,2019-2023,3577,4437,1.24
Universidad Bernardo O'Higgins,2014-2018,473,975,2.061
Universidad Bernardo O'Higgins,2015-2019,612,1207,1.972
Universidad Bernardo O'Higgins,2016-2020,762,1439,1.888
Universidad Bernardo O'Higgins,2017-2021,982,1726,1.758
Universidad Bernardo O'Higgins,2018-2022,1203,2043,1.698
Universidad Bernardo O'Higgins,2019-2023,1392,2338,1.68
Universidad Bolivariana de Chile,2014-2018,1,11,11.0
Universidad Bolivariana de Chile,2015-2019,3,10,3.333
Universidad Bolivariana de Chile,2016-2020,4,7,1.75
Universidad Bolivariana de Chile,2017-2021,5,11,2.2
Universidad Bolivariana de Chile,2018-2022,6,11,1.833
Universidad Bolivariana de Chile,2019-2023,8,14,1.75
Universidad Catolica Cardenal Raul Silva Henriquez,2014-2018,82,359,4.378
Universidad Catolica Cardenal Raul Silva Henriquez,2015-2019,130,428,3.292
Universidad Catolica Cardenal Raul Silva Henriquez,2016-2020,187,531,2.84
Universidad Catolica Cardenal Raul Silva Henriquez,2017-2021,258,624,2.419
Universidad Catolica Cardenal Raul Silva Henriquez,2018-2022,327,702,2.147
Universidad Catolica Cardenal Raul Silva Henriquez,2019-2023,422,775,1.836
Universidad Catolica de Temuco,2014-2018,801,1276,1.593
Universidad Catolica de Temuco,2015-2019,994,1457,1.466
Universidad Catolica de Temuco,2016-2020,1212,1717,1.417
Universidad Catolica de Temuco,2017-2021,1406,1959,1.393
Universidad Catolica de Temuco,2018-2022,1611,2226,1.382
Universidad Catolica de Temuco,2019-2023,1796,2499,1.391
Universidad Catolica de la Santisima Concepcion,2014-2018,739,1192,1.613
Universidad Catolica de la Santisima Concepcion,2015-2019,978,1599,1.635
Universidad Catolica de la Santisima Concepcion,2016-2020,1277,1986,1.555
Universidad Catolica de la Santisima Concepcion,2017-2021,1673,2329,1.392
Universidad Catolica de la Santisima Concepcion,2018-2022,1986,2702,1.361
Universidad Catolica de la Santisima Concepcion,2019-2023,2194,3009,1.371
Universidad Catolica del Maule,2014-2018,625,1013,1.621
Universidad Catolica del Maule,2015-2019,890,1348,1.515
Universidad Catolica del Maule,2016-2020,1308,1877,1.435
Universidad Catolica del Maule,2017-2021,1805,2478,1.373
Universidad Catolica del Maule,2018-2022,2365,3095,1.309
Universidad Catolica del Maule,2019-2023,2815,3593,1.276
Universidad Catolica del Norte,2014-2018,1937,2708,1.398
Universidad Catolica del Norte,2015-2019,2113,2918,1.381
Universidad Catolica del Norte,2016-2020,2377,3181,1.338
Universidad Catolica del Norte,2017-2021,2760,3565,1.292
Universidad Catolica del Norte,2018-2022,3013,3912,1.298
Universidad Catolica del Norte,2019-2023,3240,4053,1.251
Universidad Central de Chile,2014-2018,393,641,1.631
Universidad Central de Chile,2015-2019,449,713,1.588
Universidad Central de Chile,2016-2020,513,750,1.462
Universidad Central de Chile,2017-2021,546,755,1.383
Universidad Central de Chile,2018-2022,612,828,1.353
Universidad Central de Chile,2019-2023,668,937,1.403
Universidad Diego Portales,2014-2018,2102,2908,1.383
Universidad Diego Portales,2015-2019,2146,3165,1.475
Universidad Diego Portales,2016-2020,2121,3184,1.501
Universidad Diego Portales,2017-2021,2244,3337,1.487
Universidad Diego Portales,2018-2022,2373,3529,1.487
Universidad Diego Portales,2019-2023,2538,3673,1.447
Universidad Finis Terrae,2014-2018,388,504,1.299
Universidad Finis Terrae,2015-2019,435,588,1.352
Universidad Finis Terrae,2016-2020,465,687,1.477
Universidad Finis Terrae,2017-2021,594,869,1.463
Universidad Finis Terrae,2018-2022,705,1048,1.487
Universidad Finis Terrae,2019-2023,824,1220,1.481
Universidad Gabriela Mistral,2014-2018,43,138,3.209
Universidad Gabriela Mistral,2015-2019,52,149,2.865
Universidad Gabriela Mistral,2016-2020,53,143,2.698
Universidad Gabriela Mistral,2017-2021,60,131,2.183
Universidad Gabriela Mistral,2018-2022,59,133,2.254
Universidad Gabriela Mistral,2019-2023,59,146,2.475
Universidad Iberoamericana de Ciencias y Tecnologia,2014-2018,28,45,1.607
Universidad Iberoamericana de Ciencias y Tecnologia,2015-2019,25,44,1.76
Universidad Iberoamericana de Ciencias y Tecnologia,2016-2020,20,36,1.8
Universidad Iberoamericana de Ciencias y Tecnologia,2017-2021,10,28,2.8
Universidad Iberoamericana de Ciencias y Tecnologia,2018-2022,4,24,6.0
Universidad Iberoamericana de Ciencias y Tecnologia,2019-2023,2,25,12.5
Universidad Internacional SEK Chile,2014-2018,30,53,1.767
Universidad Internacional SEK Chile,2015-2019,42,66,1.571
Universidad Internacional SEK Chile,2016-2020,59,91,1.542
Universidad Internacional SEK Chile,2017-2021,86,131,1.523
Universidad Internacional SEK Chile,2018-2022,108,160,1.481
Universidad Internacional SEK Chile,2019-2023,126,178,1.413
Universidad La Republica,2014-2018,11,1017,92.455
Universidad La Republica,2015-2019,10,1006,100.6
Universidad La Republica,2016-2020,8,1067,133.375
Universidad La Republica,2017-2021,9,1113,123.667
Universidad La Republica,2018-2022,9,1167,129.667
Universidad La Republica,2019-2023,6,1228,204.667
Universidad Los Leones,2016-2020,1,5,5.0
Universidad Los Leones,2017-2021,1,6,6.0
Universidad Los Leones,2018-2022,1,5,5.0
Universidad Los Leones,2019-2023,1,2,2.0
Universidad Mayor,2014-2018,744,1034,1.39
Universidad Mayor,2015-2019,1093,1421,1.3
Universidad Mayor,2016-2020,1511,1933,1.279
Universidad Mayor,2017-2021,1919,2448,1.276
Universidad Mayor,2018-2022,2217,2865,1.292
Universidad Mayor,2019-2023,2334,2972,1.273
Universidad Metropolitana de Ciencias de la Educacion,2014-2018,208,425,2.043
Universidad Metropolitana de Ciencias de la Educacion,2015-2019,231,497,2.152
Universidad Metropolitana de Ciencias de la Educacion,2016-2020,300,574,1.913
Universidad Metropolitana de Ciencias de la Educacion,2017-2021,371,674,1.817
Universidad Metropolitana de Ciencias de la Educacion,2018-2022,492,771,1.567
Universidad Metropolitana de Ciencias de la Educacion,2019-2023,567,843,1.487
Universidad Miguel de Cervantes,2014-2018,1,26,26.0
Universidad Miguel de Cervantes,2015-2019,7,68,9.714
Universidad Miguel de Cervantes,2016-2020,10,84,8.4
Universidad Miguel de Cervantes,2017-2021,17,96,5.647
Universidad Miguel de Cervantes,2018-2022,21,106,5.048
Universidad Miguel de Cervantes,2019-2023,26,120,4.615
Universidad Pedro de Valdivia,2014-2018,16,82,5.125
Universidad Pedro de Valdivia,2015-2019,26,116,4.462
Universidad Pedro de Valdivia,2016-2020,39,150,3.846
Universidad Pedro de Valdivia,2017-2021,55,203,3.691
Universidad Pedro de Valdivia,2018-2022,56,207,3.696
Universidad Pedro de Valdivia,2019-2023,54,209,3.87
Universidad San Sebastian,2014-2018,1032,1372,1.329
Universidad San Sebastian,2015-2019,1252,1691,1.351
Universidad San Sebastian,2016-2020,1373,1855,1.351
Universidad San Sebastian,2017-2021,1465,2005,1.369
Universidad San Sebastian,2018-2022,1729,2347,1.357
Universidad San Sebastian,2019-2023,2175,2958,1.36
Universidad Santo Tomas,2014-2018,596,854,1.433
Universidad Santo Tomas,2015-2019,714,978,1.37
Universidad Santo Tomas,2016-2020,866,1166,1.346
Universidad Santo Tomas,2017-2021,1106,1372,1.241
Universidad Santo Tomas,2018-2022,1339,1597,1.193
Universidad Santo Tomas,2019-2023,1539,1740,1.131
Universidad Tecnica Federico Santa Maria,2014-2018,3241,3137,0.968
Universidad Tecnica Federico Santa Maria,2015-2019,3487,3425,0.982
Universidad Tecnica Federico Santa Maria,2016-2020,3742,3632,0.971
Universidad Tecnica Federico Santa Maria,2017-2021,3886,3947,1.016
Universidad Tecnica Federico Santa Maria,2018-2022,3943,4039,1.024
Universidad Tecnica Federico Santa Maria,2019-2023,4058,4283,1.055
Universidad Tecnologica Metropolitana,2014-2018,247,377,1.526
Universidad Tecnologica Metropolitana,2015-2019,390,540,1.385
Universidad Tecnologica Metropolitana,2016-2020,539,738,1.369
Universidad Tecnologica Metropolitana,2017-2021,732,959,1.31
Universidad Tecnologica Metropolitana,2018-2022,833,1063,1.276
Universidad Tecnologica Metropolitana,2019-2023,954,1227,1.286
Universidad Tecnologica de Chile,2014-2018,106,102,0.962
Universidad Tecnologica de Chile,2015-2019,184,185,1.005
Universidad Tecnologica de Chile,2016-2020,228,225,0.987
Universidad Tecnologica de Chile,2017-2021,240,235,0.979
Universidad Tecnologica de Chile,2018-2022,225,221,0.982
Universidad Tecnologica de Chile,2019-2023,168,160,0.952
Universidad de Antofagasta,2014-2018,1058,1300,1.229
Universidad de Antofagasta,2015-2019,1265,1567,1.239
Universidad de Antofagasta,2016-2020,1509,1875,1.243
Universidad de Antofagasta,2017-2021,1683,2102,1.249
Universidad de Antofagasta,2018-2022,1825,2276,1.247
Universidad de Antofagasta,2019-2023,1867,2334,1.25
Universidad de Atacama,2014-2018,401,520,1.297
Universidad de Atacama,2015-2019,567,705,1.243
Universidad de Atacama,2016-2020,743,917,1.234
Universidad de Atacama,2017-2021,935,1176,1.258
Universidad de Atacama,2018-2022,1072,1349,1.258
Universidad de Atacama,2019-2023,1156,1507,1.304
Universidad de Chile,2014-2018,15321,22157,1.446
Universidad de Chile,2015-2019,16045,23102,1.44
Universidad de Chile,2016-2020,16988,24303,1.431
Universidad de Chile,2017-2021,17806,24063,1.351
Universidad de Chile,2018-2022,18338,24325,1.326
Universidad de Chile,2019-2023,18482,24625,1.332
Universidad de Concepcion,2014-2018,6479,7713,1.19
Universidad de Concepcion,2015-2019,6954,8374,1.204
Universidad de Concepcion,2016-2020,7540,8931,1.184
Universidad de Concepcion,2017-2021,8064,9556,1.185
Universidad de Concepcion,2018-2022,8509,10177,1.196
Universidad de Concepcion,2019-2023,8715,10559,1.212
Universidad de La Serena,2014-2018,794,1085,1.366
Universidad de La Serena,2015-2019,896,1207,1.347
Universidad de La Serena,2016-2020,1048,1423,1.358
Universidad de La Serena,2017-2021,1161,1591,1.37
Universidad de La Serena,2018-2022,1240,1696,1.368
Universidad de La Serena,2019-2023,1345,1807,1.343
Universidad de Las Americas,2014-2018,97,185,1.907
Universidad de Las Americas,2015-2019,175,291,1.663
Universidad de Las Americas,2016-2020,297,452,1.522
Universidad de Las Americas,2017-2021,524,708,1.351
Universidad de Las Americas,2018-2022,811,1040,1.282
Universidad de Las Americas,2019-2023,1112,1434,1.29
Universidad de Los Lagos,2014-2018,627,927,1.478
Universidad de Los Lagos,2015-2019,785,1116,1.422
Universidad de Los Lagos,2016-2020,949,1312,1.383
Universidad de Los Lagos,2017-2021,1130,1570,1.389
Universidad de Los Lagos,2018-2022,1257,1727,1.374
Universidad de Los Lagos,2019-2023,1294,1810,1.399
Universidad de Magallanes,2014-2018,560,819,1.462
Universidad de Magallanes,2015-2019,639,892,1.396
Universidad de Magallanes,2016-2020,723,1028,1.422
Universidad de Magallanes,2017-2021,777,1142,1.47
Universidad de Magallanes,2018-2022,837,1243,1.485
Universidad de Magallanes,2019-2023,871,1325,1.521
Universidad de Playa Ancha,2014-2018,600,904,1.507
Universidad de Playa Ancha,2015-2019,697,990,1.42
Universidad de Playa Ancha,2016-2020,756,1055,1.396
Universidad de Playa Ancha,2017-2021,802,1105,1.378
Universidad de Playa Ancha,2018-2022,840,1108,1.319
Universidad de Playa Ancha,2019-2023,818,1110,1.357
Universidad de Santiago de Chile,2014-2018,3668,5612,1.53
Universidad de Santiago de Chile,2015-2019,4059,6128,1.51
Universidad de Santiago de Chile,2016-2020,4597,7076,1.539
Universidad de Santiago de Chile,2017-2021,5102,7661,1.502
Universidad de Santiago de Chile,2018-2022,5431,8048,1.482
Universidad de Santiago de Chile,2019-2023,5668,8280,1.461
Universidad de Talca,2014-2018,2150,2816,1.31
Universidad de Talca,2015-2019,2368,3124,1.319
Universidad de Talca,2016-2020,2522,3360,1.332
Universidad de Talca,2017-2021,2829,3760,1.329
Universidad de Talca,2018-2022,3043,4031,1.325
Universidad de Talca,2019-2023,3238,4186,1.293
Universidad de Tarapaca,2014-2018,1334,1469,1.101
Universidad de Tarapaca,2015-2019,1430,1551,1.085
Universidad de Tarapaca,2016-2020,1673,1775,1.061
Universidad de Tarapaca,2017-2021,2016,2188,1.085
Universidad de Tarapaca,2018-2022,2361,2630,1.114
Universidad de Tarapaca,2019-2023,2859,3237,1.132
Universidad de Valparaiso,2014-2018,2283,3021,1.323
Universidad de Valparaiso,2015-2019,2447,3241,1.324
Universidad de Valparaiso,2016-2020,2719,3531,1.299
Universidad de Valparaiso,2017-2021,2996,3741,1.249
Universidad de Valparaiso,2018-2022,3172,3878,1.223
Universidad de Valparaiso,2019-2023,3248,3996,1.23
Universidad de la Frontera,2014-2018,2542,3418,1.345
Universidad de la Frontera,2015-2019,2820,3707,1.315
Universidad de la Frontera,2016-2020,3158,4049,1.282
Universidad de la Frontera,2017-2021,3569,4553,1.276
Universidad de la Frontera,2018-2022,3909,4972,1.272
Universidad de la Frontera,2019-2023,4205,5420,1.289
Universidad de los Andes,2014-2018,1237,1790,1.447
Universidad de los Andes,2015-2019,1355,1922,1.418
Universidad de los Andes,2016-2020,1503,2101,1.398
Universidad de los Andes,2017-2021,1735,2378,1.371
Universidad de los Andes,2018-2022,1898,2560,1.349
Universidad de los Andes,2019-2023,2027,2676,1.32
Universidad del Bio-Bio,2014-2018,1333,1973,1.48
Universidad del Bio-Bio,2015-2019,1552,2221,1.431
Universidad del Bio-Bio,2016-2020,1809,2358,1.303
Universidad del Bio-Bio,2017-2021,2014,2564,1.273
Universidad del Bio-Bio,2018-2022,2195,2736,1.246
Universidad del Bio-Bio,2019-2023,2324,2893,1.245
Universidad del Desarrollo,2014-2018,1390,2020,1.453
Universidad del Desarrollo,2015-2019,1530,2280,1.49
Universidad del Desarrollo,2016-2020,1798,2607,1.45
Universidad del Desarrollo,2017-2021,2049,2913,1.422
Universidad del Desarrollo,2018-2022,2264,3152,1.392
Universidad del Desarrollo,2019-2023,2455,3361,1.369
Universidad del Mar,2014-2018,4,256,64.0
Universidad del Mar,2015-2019,3,239,79.667
Universidad del Mar,2016-2020,3,227,75.667
Universidad del Mar,2017-2021,3,230,76.667
Universidad del Mar,2018-2022,8,250,31.25
Universidad del Mar,2019-2023,9,263,29.222
Universidad del Pacifico,2014-2018,6,23,3.833
Universidad del Pacifico,2015-2019,2,22,11.0
Universidad del Pacifico,2016-2020,1,19,19.0
Universidad del Pacifico,2017-2021,2,19,9.5
Universidad del Pacifico,2018-2022,2,16,8.0
Universidad del Pacifico,2019-2023,2,13,6.5
