universidad,anio,puntaje_kai,Estudiantes por académico (valor),Estudiantes por académico (percentil),Académicos con doctorado (valor),Académicos con doctorado (percentil),Doctorados otorgados (valor),Doctorados otorgados (percentil),Matrícula de posgrado (valor),Matrícula de posgrado (percentil),Productividad científica (valor),Productividad científica (percentil),Citas por publicación (valor),Citas por publicación (percentil),Colaboración internacional (valor),Colaboración internacional (percentil),Fondos de investigación (valor),Fondos de investigación (percentil),Fondos con la industria (valor),Fondos con la industria (percentil),Académicos extranjeros (valor),Académicos extranjeros (percentil)
Pontificia Universidad Catolica de Chile,2017,86.92,14.2521,98.08,46.2937,86.54,5.9306,96.15,13.5155,90.38,1.4188,96.15,22.037,65.38,48.99,63.46,14000732.3797,98.08,904520.1907,82.69,9.4251,92.31
Pontificia Universidad Catolica de Valparaiso,2017,76.35,24.9898,40.38,59.4135,100.0,7.7245,98.08,7.6378,73.08,1.1787,92.31,17.788,53.85,46.28,55.77,11496481.1741,94.23,576032.1089,73.08,8.0559,82.69
Universidad Academia de Humanismo Cristiano,2017,35.38,26.9473,21.15,15.7654,38.46,2.7462,86.54,4.9194,57.69,0.3805,50.0,4.972,5.77,16.14,1.92,3496400.0399,67.31,0.0,0.0,2.846,25.0
Universidad Adolfo Ibanez,2017,72.31,26.6339,25.0,50.7541,94.23,0.882,59.62,21.5746,98.08,0.6558,71.15,23.412,73.08,45.19,50.0,5257675.516,80.77,384247.6627,71.15,13.1086,100.0
Universidad Adventista de Chile,2017,35.19,13.9471,100.0,9.0793,25.0,0.0,0.0,7.5834,71.15,0.1032,21.15,13.321,28.85,33.33,15.38,0.0,0.0,0.0,0.0,8.7926,90.38
Universidad Alberto Hurtado,2017,63.27,34.1344,9.62,48.3412,88.46,2.6123,82.69,11.199,88.46,1.1268,90.38,7.57,13.46,21.79,9.62,6132395.7971,82.69,289749.5066,69.23,11.9601,98.08
Universidad Andres Bello,2017,64.23,23.2828,55.77,20.329,46.15,1.5701,71.15,8.0608,76.92,0.307,42.31,28.255,90.38,56.23,80.77,2874825.5294,57.69,53644.5428,51.92,5.8232,69.23
Universidad Arturo Prat,2017,33.46,28.8335,13.46,15.7321,36.54,0.0,0.0,4.8977,53.85,0.2411,38.46,15.354,46.15,37.55,26.92,1203573.6304,42.31,208697.2605,61.54,1.7952,15.38
Universidad Austral de Chile,2017,80.38,16.8216,88.46,40.8397,82.69,3.1799,88.46,4.4,48.08,0.7816,78.85,26.287,88.46,49.19,65.38,10609121.9106,90.38,2117712.0112,98.08,6.8828,75.0
Universidad Autonoma de Chile,2017,49.81,26.1404,30.77,14.1422,34.62,0.0,0.0,1.4477,23.08,0.4474,55.77,24.966,82.69,62.86,92.31,2128291.9438,53.85,179849.7436,57.69,5.7841,67.31
Universidad Bernardo O'Higgins,2017,40.19,19.1074,80.77,17.3994,42.31,0.0,0.0,5.731,65.38,0.4948,61.54,26.246,84.62,42.84,44.23,0.0,0.0,0.0,0.0,2.8094,23.08
Universidad Bolivariana de Chile,2017,13.85,25.0198,38.46,1.9547,5.77,0.165,46.15,0.0198,1.92,0.0129,1.92,6.231,7.69,38.46,30.77,0.0,0.0,0.0,0.0,0.9551,5.77
Universidad Catolica Cardenal Raul Silva Henriquez,2017,20.96,26.2485,26.92,21.1718,48.08,0.0,0.0,2.2921,25.0,0.2273,32.69,3.709,3.85,17.65,3.85,609437.672,36.54,0.0,0.0,3.4605,32.69
Universidad Catolica de Temuco,2017,48.27,23.3199,53.85,30.3671,67.31,0.0,0.0,3.2474,32.69,0.4528,57.69,14.245,36.54,30.85,11.54,3000731.5819,59.62,958517.0748,86.54,7.2075,76.92
Universidad Catolica de la Santisima Concepcion,2017,35.0,29.1411,11.54,26.2706,57.69,0.0,0.0,3.6142,36.54,0.3555,46.15,14.066,34.62,37.26,25.0,1440599.484,46.15,17287.6938,42.31,4.149,50.0
Universidad Catolica del Maule,2017,51.35,19.7758,67.31,32.623,69.23,0.0,0.0,6.3634,67.31,0.3829,51.92,15.105,44.23,39.02,34.62,1709311.9664,51.92,288357.9937,67.31,4.9722,59.62
Universidad Catolica del Norte,2017,75.0,19.5636,73.08,35.342,75.0,2.1357,78.85,3.9903,46.15,0.8006,80.77,24.047,76.92,53.29,71.15,4493035.346,75.0,796898.1661,78.85,9.6764,94.23
Universidad Central de Chile,2017,31.92,27.3133,19.23,17.3436,40.38,0.0686,44.23,4.9141,55.77,0.2289,34.62,10.538,19.23,36.69,21.15,936795.1911,40.38,0.0,0.0,3.9587,44.23
Universidad Diego Portales,2017,62.88,26.7072,23.08,27.4724,63.46,0.2327,51.92,10.9856,86.54,0.7594,76.92,23.689,75.0,46.34,57.69,3039390.2155,61.54,28860.0289,48.08,8.0687,84.62
Universidad Finis Terrae,2017,35.58,23.4529,51.92,11.7523,28.85,0.0,0.0,16.806,94.23,0.227,30.77,14.957,40.38,33.86,19.23,580630.4331,34.62,0.0,0.0,4.6354,55.77
Universidad Gabriela Mistral,2017,21.15,24.5387,44.23,12.8565,32.69,0.0,0.0,1.1719,17.31,0.2876,40.38,7.142,9.62,20.83,5.77,357328.8601,26.92,0.0,0.0,3.6065,34.62
Universidad Iberoamericana de Ciencias y Tecnologia,2017,27.88,18.8582,84.62,5.8384,15.38,0.0,0.0,3.9223,44.23,0.0575,11.54,10.975,23.08,55.0,78.85,0.0,0.0,0.0,0.0,2.6499,21.15
Universidad Internacional SEK Chile,2017,31.15,53.6094,3.85,9.2258,26.92,1.5865,73.08,1.243,19.23,0.073,15.38,13.87,32.69,54.35,76.92,0.0,0.0,0.0,0.0,5.545,63.46
Universidad La Republica,2017,35.58,34.6168,7.69,1.7071,3.85,0.2108,48.08,9.1689,82.69,1.2645,94.23,7.303,11.54,98.4,100.0,0.0,0.0,0.0,0.0,1.176,7.69
Universidad Los Leones,2017,1.92,70.0246,0.0,0.0,0.0,0.0,0.0,0.0,0.0,0.0842,17.31,1.917,1.92,0.0,0.0,0.0,0.0,0.0,0.0,0.0,0.0
Universidad Mayor,2017,43.27,16.7672,92.31,5.2802,13.46,0.0,0.0,14.6289,92.31,0.1012,19.23,14.6,38.46,46.05,53.85,645235.4516,38.46,27441.6602,46.15,3.7823,38.46
Universidad Metropolitana de Ciencias de la Educacion,2017,33.85,15.0861,96.15,21.4775,50.0,0.6093,57.69,4.5032,50.0,0.2151,28.85,10.011,15.38,32.29,13.46,230129.4745,25.0,0.0,0.0,0.396,1.92
Universidad Miguel de Cervantes,2017,34.62,63.5845,1.92,7.4962,21.15,0.0,0.0,29.623,100.0,0.0723,13.46,24.895,78.85,57.89,82.69,0.0,0.0,0.0,0.0,4.0715,48.08
Universidad Pedro de Valdivia,2017,28.65,20.1232,65.38,2.0095,7.69,0.316,53.85,1.3189,21.15,0.048,9.62,10.118,17.31,53.95,75.0,0.0,0.0,0.0,0.0,3.6493,36.54
Universidad San Sebastian,2017,37.5,19.7054,69.23,7.2142,19.23,0.0,0.0,5.7009,63.46,0.1341,25.0,14.995,42.31,44.47,48.08,423443.9391,30.77,48166.8961,50.0,2.8875,26.92
Universidad Santo Tomas,2017,35.96,26.0179,32.69,8.9546,23.08,0.0,0.0,3.7405,40.38,0.1184,23.08,22.276,67.31,47.75,61.54,417905.5715,28.85,220484.4526,63.46,2.2823,19.23
Universidad Tecnica Federico Santa Maria,2017,75.96,27.429,17.31,36.0014,78.85,2.2421,80.77,4.8941,51.92,0.8343,82.69,29.166,92.31,70.43,98.08,11451495.7662,92.31,933720.6917,84.62,7.9513,80.77
Universidad Tecnologica Metropolitana,2017,30.0,28.2802,15.38,18.0098,44.23,0.0,0.0,0.7174,11.54,0.1769,26.92,16.214,48.08,40.98,38.46,1694321.5707,50.0,177381.6255,55.77,1.2273,9.62
Universidad Tecnologica de Chile,2017,8.08,41.4547,5.77,0.7907,1.92,0.0,0.0,0.704,9.62,0.0086,0.0,13.316,26.92,36.84,23.08,0.0,0.0,0.0,0.0,1.3483,13.46
Universidad UNIACC,2017,22.31,26.1948,28.85,3.174,11.54,1.8242,75.0,3.7372,38.46,0.0341,7.69,1.857,0.0,21.43,7.69,0.0,0.0,0.0,0.0,4.6333,53.85
Universidad de Antofagasta,2017,72.5,19.3211,75.0,34.4425,73.08,1.8278,76.92,3.2379,30.77,0.5294,65.38,33.197,96.15,61.86,90.38,4814721.7653,78.85,1408067.8929,92.31,4.0028,46.15
Universidad de Atacama,2017,42.5,21.7727,59.62,21.9388,53.85,0.0,0.0,0.2735,3.85,0.2307,36.54,16.891,50.0,59.51,84.62,1502411.1741,48.08,0.0,0.0,8.4621,88.46
Universidad de Chile,2017,82.88,17.3325,86.54,50.927,96.15,8.4942,100.0,17.3292,96.15,1.864,100.0,17.01,51.92,39.87,36.54,19408879.7126,100.0,4687085.0447,100.0,5.4692,61.54
Universidad de Concepcion,2017,81.73,19.2841,76.92,51.4974,98.08,5.786,94.23,7.5805,69.23,0.9852,86.54,20.138,59.62,51.84,69.23,10560343.4414,88.46,2078834.9018,96.15,7.703,78.85
Universidad de La Serena,2017,60.77,20.6748,63.46,32.8558,71.15,1.4281,67.31,2.694,26.92,0.4911,59.62,36.311,98.08,53.44,73.08,2594277.6811,55.77,1785.1564,40.38,4.1746,51.92
Universidad de Las Americas,2017,19.81,24.4879,46.15,2.5742,9.62,0.0,0.0,0.3687,5.77,0.0279,5.77,11.417,25.0,68.35,94.23,0.0,0.0,0.0,0.0,1.245,11.54
Universidad de Los Lagos,2017,50.19,22.1066,57.69,21.5262,51.92,0.2312,50.0,0.9205,13.46,0.3515,44.23,21.868,63.46,38.82,32.69,3507456.7387,69.23,1106305.9313,90.38,3.205,28.85
Universidad de Magallanes,2017,54.81,16.7073,94.23,22.4059,55.77,0.0,0.0,0.664,7.69,0.5155,63.46,23.28,71.15,60.4,86.54,3695213.6183,73.08,231738.2837,65.38,3.3799,30.77
Universidad de Playa Ancha,2017,35.19,19.5896,71.15,29.3645,65.38,1.5583,69.23,3.8898,42.31,0.3595,48.08,10.86,21.15,33.81,17.31,0.0,0.0,0.0,0.0,2.134,17.31
Universidad de Santiago de Chile,2017,71.35,20.7409,61.54,40.2849,80.77,5.1074,90.38,5.2852,59.62,0.8834,84.62,18.913,55.77,44.46,46.15,9382290.554,84.62,730868.0781,76.92,6.2427,73.08
Universidad de Talca,2017,77.31,23.8837,48.08,49.0705,92.31,2.6475,84.62,8.988,80.77,1.0901,88.46,21.052,61.54,46.36,59.62,9593923.5217,86.54,658597.3725,75.0,11.0939,96.15
Universidad de Tarapaca,2017,54.81,23.8618,50.0,35.5219,76.92,0.3722,55.77,0.9359,15.38,0.7576,75.0,19.416,57.69,49.23,67.31,3146388.1277,63.46,26052.9613,44.23,3.9584,42.31
Universidad de Valparaiso,2017,71.54,18.9372,82.69,27.2883,61.54,0.9873,63.46,5.5522,61.54,0.6279,69.23,29.218,94.23,61.43,88.46,4522101.7258,76.92,198427.5977,59.62,4.9279,57.69
Universidad de la Frontera,2017,77.5,25.0666,36.54,49.0136,90.38,5.5782,92.31,7.7574,75.0,1.4467,98.08,22.385,69.23,45.55,51.92,13704127.8745,96.15,1493534.7774,94.23,6.2295,71.15
Universidad de los Andes,2017,71.92,16.8213,90.38,26.54,59.62,0.9472,61.54,8.1089,78.85,0.5299,67.31,24.964,80.77,42.46,42.31,3612568.7445,71.15,836283.7036,80.77,8.3045,86.54
Universidad del Bio-Bio,2017,57.31,24.8632,42.31,44.893,84.62,1.0311,65.38,3.2037,28.85,0.6628,73.08,13.817,30.77,38.33,28.85,3380556.6834,65.38,1001901.7974,88.46,5.6339,65.38
Universidad del Desarrollo,2017,51.35,19.2421,78.85,12.7366,30.77,0.0,0.0,9.7293,84.62,0.4022,53.85,26.276,86.54,42.25,40.38,1350206.9469,44.23,101436.0122,53.85,3.89,40.38
Universidad del Pacifico,2017,32.31,25.9316,34.62,5.9093,17.31,0.0,0.0,3.5657,34.62,0.0278,3.85,53.95,100.0,70.0,96.15,463477.9385,32.69,0.0,0.0,0.7717,3.85
Pontificia Universidad Catolica de Chile,2018,86.92,17.4573,90.38,47.2472,84.62,6.3164,96.15,11.0563,92.31,1.5384,96.15,21.314,71.15,49.23,61.54,14140764.388,98.08,914530.5357,84.62,9.4452,94.23
Pontificia Universidad Catolica de Valparaiso,2018,75.19,25.2656,34.62,63.217,100.0,7.5267,98.08,7.5636,71.15,1.2757,94.23,17.706,53.85,46.54,51.92,11444039.4825,92.31,437630.6444,71.15,8.5047,84.62
Universidad Academia de Humanismo Cristiano,2018,37.5,30.6197,11.54,29.2518,57.69,3.8925,88.46,4.8216,50.0,0.5455,59.62,4.407,5.77,16.51,1.92,3490132.6216,61.54,0.0,0.0,4.6626,38.46
Universidad Adolfo Ibanez,2018,71.92,23.394,51.92,50.6975,90.38,1.072,63.46,9.6744,90.38,0.6834,69.23,21.254,69.23,45.59,46.15,4626366.7792,75.0,250147.3978,63.46,13.6577,100.0
Universidad Adventista de Chile,2018,35.38,13.7015,100.0,10.4163,23.08,0.0,0.0,5.5605,59.62,0.1304,17.31,9.346,17.31,35.51,19.23,194063.5095,26.92,0.0,0.0,9.1302,90.38
Universidad Alberto Hurtado,2018,63.65,31.763,9.62,54.7426,98.08,2.908,82.69,8.1898,78.85,1.1,90.38,7.526,11.54,22.28,9.62,7372879.1604,84.62,462157.9824,75.0,10.1158,96.15
Universidad Andres Bello,2018,63.65,22.4979,55.77,19.0421,42.31,1.485,69.23,8.9602,88.46,0.3287,42.31,26.675,90.38,57.59,80.77,2987345.7979,57.69,91197.7762,50.0,5.5148,59.62
Universidad Arturo Prat,2018,30.19,28.3568,17.31,16.5522,32.69,0.0,0.0,4.6438,48.08,0.2503,28.85,15.42,38.46,37.3,21.15,1667354.9816,44.23,238871.7886,61.54,1.3026,9.62
Universidad Austral de Chile,2018,76.73,17.4259,92.31,44.7252,82.69,3.485,86.54,3.8185,40.38,0.8632,78.85,24.912,84.62,51.48,67.31,8307692.6986,86.54,438044.5713,73.08,7.081,75.0
Universidad Autonoma de Chile,2018,55.77,23.3445,53.85,18.2939,38.46,0.3156,48.08,1.8736,23.08,0.4786,50.0,26.947,92.31,63.81,92.31,1715290.6502,46.15,104858.4222,51.92,5.7029,61.54
Universidad Bernardo O'Higgins,2018,41.73,18.6531,82.69,18.7843,40.38,0.0,0.0,8.5128,80.77,0.5329,57.69,26.311,88.46,44.51,38.46,0.0,0.0,0.0,0.0,3.3043,28.85
Universidad Bolivariana de Chile,2018,17.12,47.141,3.85,4.1711,11.54,0.7112,59.62,0.6336,9.62,0.0235,0.0,11.727,23.08,45.45,44.23,0.0,0.0,0.0,0.0,1.9842,19.23
Universidad Catolica Cardenal Raul Silva Henriquez,2018,20.58,25.2916,32.69,19.658,46.15,0.0,0.0,2.2346,28.85,0.2585,32.69,3.103,3.85,15.04,0.0,438064.5548,34.62,0.0,0.0,3.1677,26.92
Universidad Catolica de Temuco,2018,47.12,24.0743,42.31,33.1402,67.31,0.0,0.0,2.3045,30.77,0.5244,55.77,12.731,28.85,32.21,13.46,3526362.6899,63.46,767270.7845,80.77,8.8933,88.46
Universidad Catolica de la Santisima Concepcion,2018,38.27,28.4704,15.38,29.9089,59.62,0.0,0.0,2.5895,32.69,0.4763,48.08,16.216,44.23,39.01,25.0,2123727.9896,53.85,150499.4805,57.69,4.7411,46.15
Universidad Catolica del Maule,2018,48.27,21.5948,63.46,35.6485,73.08,0.0,0.0,4.8423,51.92,0.4927,51.92,14.423,34.62,39.39,26.92,1740165.2035,48.08,165339.6886,59.62,6.7751,73.08
Universidad Catolica del Norte,2018,73.85,18.1502,88.46,34.3713,69.23,1.9931,75.0,4.0919,44.23,0.8522,76.92,22.701,75.0,52.58,73.08,4287780.8024,73.08,689316.5285,76.92,8.7864,86.54
Universidad Central de Chile,2018,28.08,27.1821,23.08,18.0722,34.62,0.0,0.0,6.7,65.38,0.256,30.77,13.541,32.69,37.44,23.08,1147723.8386,40.38,0.0,0.0,3.5625,30.77
Universidad Diego Portales,2018,63.27,28.295,19.23,29.0255,55.77,0.45,50.0,8.7415,82.69,0.8724,80.77,23.937,76.92,48.45,59.62,3821613.7435,71.15,40998.5651,44.23,9.2022,92.31
Universidad Finis Terrae,2018,32.5,23.7259,44.23,13.5049,26.92,0.0,0.0,15.6404,98.08,0.2625,34.62,14.577,36.54,33.33,15.38,300167.5304,28.85,0.0,0.0,4.703,40.38
Universidad Gabriela Mistral,2018,29.62,23.652,46.15,14.2105,28.85,0.0,0.0,7.9473,73.08,0.2965,38.46,4.826,7.69,18.12,5.77,156774.0781,25.0,0.0,0.0,6.4662,71.15
Universidad Iberoamericana de Ciencias y Tecnologia,2018,26.92,16.8861,96.15,6.537,13.46,0.0,0.0,0.9973,19.23,0.1378,19.23,11.844,25.0,55.56,78.85,0.0,0.0,0.0,0.0,1.8371,17.31
Universidad Internacional SEK Chile,2018,24.81,39.0504,7.69,7.7011,17.31,1.1469,65.38,1.8502,21.15,0.0608,11.54,12.566,26.92,54.72,75.0,0.0,0.0,0.0,0.0,2.4829,23.08
Universidad La Republica,2018,34.42,30.5066,13.46,1.8676,3.85,0.1945,46.15,6.7151,67.31,1.1871,92.31,5.797,9.62,98.33,100.0,0.0,0.0,0.0,0.0,1.3657,11.54
Universidad Los Leones,2018,1.35,89.938,0.0,1.1257,0.0,0.0,0.0,0.0,0.0,0.0551,7.69,2.583,1.92,16.67,3.85,0.0,0.0,0.0,0.0,0.1608,0.0
Universidad Mayor,2018,54.62,21.1847,71.15,19.6385,44.23,0.0326,40.38,12.8039,94.23,0.2025,25.0,17.677,51.92,51.45,65.38,1278122.6845,42.31,88833.508,48.08,5.8137,63.46
Universidad Metropolitana de Ciencias de la Educacion,2018,33.46,16.1281,98.08,24.8196,51.92,0.6386,55.77,3.9002,42.31,0.2714,36.54,7.953,13.46,28.94,11.54,79114.2474,23.08,0.0,0.0,0.2906,1.92
Universidad Miguel de Cervantes,2018,32.88,63.2176,1.92,11.298,25.0,0.0,0.0,37.8832,100.0,0.0951,15.38,19.577,59.62,61.54,82.69,0.0,0.0,0.0,0.0,4.7349,44.23
Universidad Pedro de Valdivia,2018,25.19,24.1657,40.38,2.6992,5.77,0.1363,44.23,0.8462,15.38,0.0671,13.46,8.963,15.38,51.22,63.46,0.0,0.0,0.0,0.0,5.0466,53.85
Universidad San Sebastian,2018,37.31,18.4874,84.62,7.1191,15.38,0.0,0.0,6.3193,63.46,0.1503,23.08,15.92,42.31,44.53,40.38,426411.908,32.69,43050.2762,46.15,3.1214,25.0
Universidad Santo Tomas,2018,31.35,26.1072,26.92,8.3994,19.23,0.0,0.0,5.4608,57.69,0.1466,21.15,17.186,48.08,46.02,48.08,405271.4546,30.77,135059.1087,55.77,0.8128,5.77
Universidad Tecnica Federico Santa Maria,2018,76.92,27.9578,21.15,38.5746,78.85,2.3896,80.77,5.4359,55.77,0.8995,82.69,28.672,94.23,69.65,96.15,8391298.1973,88.46,1000456.8829,90.38,7.8841,80.77
Universidad Tecnologica Metropolitana,2018,30.38,26.6739,25.0,18.2733,36.54,0.0,0.0,0.2654,1.92,0.2224,26.92,16.377,46.15,41.91,32.69,1919636.0097,51.92,353961.4182,67.31,1.7167,15.38
Universidad Tecnologica de Chile,2018,13.08,41.4691,5.77,1.5694,1.92,0.0,0.0,0.741,11.54,0.024,1.92,15.5,40.38,47.06,55.77,0.0,0.0,0.0,0.0,1.6412,13.46
Universidad UNIACC,2018,23.65,24.9562,38.46,3.8854,7.69,2.0612,76.92,3.4483,38.46,0.0557,9.62,1.315,0.0,20.37,7.69,0.0,0.0,0.0,0.0,5.4159,57.69
Universidad de Antofagasta,2018,75.0,19.3463,76.92,34.6674,71.15,1.9289,73.08,3.4458,36.54,0.6018,65.38,55.052,100.0,62.77,88.46,4870836.2267,76.92,1685219.0485,94.23,6.127,67.31
Universidad de Atacama,2018,43.65,21.4919,69.23,22.312,48.08,0.0,0.0,0.2946,3.85,0.3136,40.38,22.373,73.08,62.12,84.62,1049087.4188,38.46,0.0,0.0,7.8394,78.85
Universidad de Chile,2018,81.73,17.02,94.23,52.349,94.23,8.8347,100.0,15.0913,96.15,1.9098,100.0,17.191,50.0,41.71,30.77,15761218.7319,100.0,1742207.4163,96.15,5.2077,55.77
Universidad de Concepcion,2018,83.65,18.8457,80.77,52.6371,96.15,5.4841,94.23,8.02,76.92,1.0531,86.54,20.049,61.54,51.59,69.23,11543823.2162,94.23,2371922.7583,100.0,7.4957,76.92
Universidad de La Serena,2018,57.88,21.6259,61.54,32.4624,65.38,0.6465,57.69,2.1653,25.0,0.6013,63.46,37.657,96.15,55.39,76.92,2716831.5277,55.77,20244.1975,40.38,4.4194,36.54
Universidad de Las Americas,2018,21.15,23.5674,50.0,4.0049,9.62,0.0,0.0,0.2971,5.77,0.0376,3.85,9.832,19.23,65.95,94.23,30717.548,21.15,0.0,0.0,1.2179,7.69
Universidad de Los Lagos,2018,50.96,21.5083,65.38,23.7112,50.0,0.5084,51.92,0.9624,17.31,0.404,44.23,20.247,65.38,42.18,34.62,3441326.3898,59.62,990082.9448,88.46,3.9068,32.69
Universidad de Magallanes,2018,58.27,21.4996,67.31,36.0764,75.0,0.0,0.0,0.5484,7.69,0.7725,71.15,24.579,78.85,63.37,90.38,6905211.0351,80.77,367837.7741,69.23,4.7159,42.31
Universidad de Playa Ancha,2018,35.38,21.8946,59.62,30.8916,63.46,2.1823,78.85,4.4508,46.15,0.4553,46.15,10.944,21.15,35.07,17.31,0.0,0.0,0.0,0.0,2.2461,21.15
Universidad de Santiago de Chile,2018,73.08,20.7974,75.0,41.8901,80.77,5.2516,92.31,5.725,61.54,0.9663,84.62,18.488,55.77,46.22,50.0,7257724.2282,82.69,714322.0782,78.85,6.1771,69.23
Universidad de Talca,2018,79.81,22.1862,57.69,48.8092,86.54,3.3526,84.62,8.8872,84.62,1.0688,88.46,20.153,63.46,47.44,57.69,9220366.2587,90.38,918136.4456,86.54,10.8986,98.08
Universidad de Tarapaca,2018,52.88,25.1257,36.54,36.3771,76.92,0.5587,53.85,0.8449,13.46,0.8207,75.0,19.366,57.69,51.74,71.15,3590057.595,67.31,27931.8966,42.31,4.3743,34.62
Universidad de Valparaiso,2018,69.04,19.2656,78.85,29.9483,61.54,1.3158,67.31,5.2277,53.85,0.6814,67.31,24.845,82.69,62.53,86.54,5058293.2954,78.85,345772.1487,65.38,4.747,48.08
Universidad de la Frontera,2018,74.81,25.7069,30.77,50.8408,92.31,4.9319,90.38,7.4274,69.23,1.6054,98.08,21.047,67.31,46.99,53.85,13625093.158,96.15,1893680.1315,98.08,4.9155,51.92
Universidad de los Andes,2018,70.19,18.3006,86.54,28.7805,53.85,1.0048,61.54,8.9403,86.54,0.5995,61.54,24.798,80.77,44.53,40.38,3546531.8016,65.38,834029.4292,82.69,8.0835,82.69
Universidad del Bio-Bio,2018,58.27,25.7315,28.85,49.1107,88.46,1.5934,71.15,2.9878,34.62,0.7859,73.08,13.341,30.77,40.09,28.85,3733924.8843,69.23,1130586.0405,92.31,5.8757,65.38
Universidad del Desarrollo,2018,55.19,20.9845,73.08,16.5169,30.77,0.1236,42.31,8.0177,75.0,0.4994,53.85,25.255,86.54,43.42,36.54,1906113.8376,50.0,132413.5999,53.85,4.7928,50.0
Universidad del Pacifico,2018,33.85,23.5964,48.08,8.5037,21.15,0.0,0.0,2.2295,26.92,0.0397,5.77,51.609,98.08,73.91,98.08,574960.4715,36.54,0.0,0.0,0.5692,3.85
Pontificia Universidad Catolica de Chile,2019,87.0,17.1339,94.0,48.0184,84.0,6.1585,90.0,11.9285,92.0,1.6306,96.0,19.987,70.0,49.86,68.0,13367871.0411,96.0,902366.3632,86.0,9.411,94.0
Pontificia Universidad Catolica de Valparaiso,2019,75.0,26.2378,26.0,63.2114,100.0,8.2698,98.0,7.0544,66.0,1.405,92.0,17.021,54.0,47.86,62.0,10523227.129,92.0,573576.215,74.0,8.4262,86.0
Universidad Academia de Humanismo Cristiano,2019,34.6,21.9873,58.0,31.2436,54.0,3.401,84.0,3.8154,42.0,0.475,44.0,4.165,6.0,18.14,2.0,2391818.7658,48.0,0.0,0.0,0.9806,8.0
Universidad Adolfo Ibanez,2019,70.4,23.8659,44.0,53.6355,90.0,1.5017,64.0,11.3674,90.0,0.7725,68.0,19.796,64.0,44.88,46.0,5570215.336,78.0,277880.07,60.0,12.7635,100.0
Universidad Adventista de Chile,2019,31.6,11.4384,100.0,9.5466,20.0,0.0,0.0,4.2247,46.0,0.1738,16.0,11.095,22.0,36.69,22.0,163684.9681,24.0,0.0,0.0,6.2616,66.0
Universidad Alberto Hurtado,2019,61.4,34.4175,6.0,58.2463,98.0,2.6444,80.0,7.752,74.0,1.2752,90.0,7.091,14.0,21.87,6.0,8625600.5567,86.0,486626.3048,70.0,8.6848,90.0
Universidad Andres Bello,2019,60.8,21.5299,62.0,19.2105,34.0,1.5353,66.0,9.6651,86.0,0.3435,36.0,24.829,86.0,58.55,84.0,2640472.511,54.0,114570.9305,48.0,5.1127,52.0
Universidad Arturo Prat,2019,32.4,28.2467,18.0,17.4285,32.0,0.0,0.0,7.4415,70.0,0.2717,24.0,14.745,42.0,38.28,24.0,1903595.3245,42.0,252315.5985,58.0,1.4107,14.0
Universidad Austral de Chile,2019,75.6,18.6356,82.0,49.3093,86.0,3.4818,86.0,3.5499,40.0,0.9792,80.0,23.423,80.0,52.6,72.0,8796927.0166,88.0,402090.2127,66.0,7.4691,76.0
Universidad Autonoma de Chile,2019,53.4,23.5937,46.0,21.5385,38.0,0.35,46.0,1.5649,20.0,0.5188,46.0,27.226,96.0,65.26,92.0,1773821.0856,40.0,96911.4469,46.0,6.1474,64.0
Universidad Bernardo O'Higgins,2019,45.8,18.092,90.0,22.3473,42.0,0.0,0.0,10.9359,88.0,0.626,58.0,25.03,88.0,45.9,54.0,0.0,0.0,0.0,0.0,3.9545,38.0
Universidad Bolivariana de Chile,2019,14.0,40.2435,4.0,2.6215,2.0,0.7312,50.0,1.6081,22.0,0.0219,0.0,12.1,24.0,40.0,28.0,0.0,0.0,0.0,0.0,1.1956,10.0
Universidad Catolica Cardenal Raul Silva Henriquez,2019,18.8,24.9106,32.0,19.8119,36.0,0.0,0.0,1.4351,18.0,0.2971,30.0,4.313,10.0,17.76,0.0,455044.9481,32.0,0.0,0.0,3.1481,30.0
Universidad Catolica de Temuco,2019,50.8,22.9916,50.0,32.8373,60.0,0.194,42.0,2.5146,30.0,0.5653,54.0,12.36,26.0,34.04,18.0,3092615.514,58.0,604795.1628,78.0,8.965,92.0
Universidad Catolica de la Santisima Concepcion,2019,44.4,26.2822,24.0,31.2543,56.0,0.1175,36.0,2.5005,28.0,0.5635,52.0,15.853,48.0,41.46,30.0,3146568.7052,60.0,250180.0072,56.0,5.1412,54.0
Universidad Catolica del Maule,2019,51.6,23.8824,42.0,35.1888,68.0,0.3007,44.0,4.8635,52.0,0.6081,56.0,14.219,40.0,44.51,42.0,2089846.9334,46.0,153343.2571,52.0,7.0729,74.0
Universidad Catolica del Norte,2019,73.0,17.7444,92.0,34.0586,64.0,2.4903,76.0,3.9354,44.0,0.8898,78.0,19.974,68.0,53.77,78.0,4276554.8051,66.0,775778.2284,82.0,8.2288,82.0
Universidad Central de Chile,2019,27.2,28.8834,14.0,16.2561,28.0,0.0,0.0,8.2195,78.0,0.2886,28.0,14.053,38.0,38.71,26.0,1044539.1191,38.0,0.0,0.0,2.0462,22.0
Universidad Diego Portales,2019,61.6,30.529,10.0,30.7955,52.0,0.5353,48.0,7.3379,68.0,1.0165,82.0,23.256,78.0,49.07,64.0,5124846.3729,76.0,123365.2364,50.0,8.6636,88.0
Universidad Finis Terrae,2019,33.0,20.4875,74.0,14.7219,24.0,0.0,0.0,14.4893,96.0,0.2488,22.0,12.696,28.0,30.95,16.0,392093.886,30.0,0.0,0.0,4.0201,40.0
Universidad Gabriela Mistral,2019,26.8,21.0512,64.0,7.7197,14.0,0.0,0.0,9.2328,82.0,0.4079,38.0,4.221,8.0,20.13,4.0,199776.4395,26.0,0.0,0.0,3.3397,32.0
Universidad Internacional SEK Chile,2019,28.4,27.8798,20.0,13.3808,22.0,2.0479,70.0,1.9392,24.0,0.0811,12.0,13.409,34.0,53.03,74.0,0.0,0.0,0.0,0.0,2.8076,28.0
Universidad La Republica,2019,29.4,29.4902,12.0,3.0325,4.0,0.0,0.0,5.2409,56.0,1.4738,94.0,4.078,4.0,98.21,100.0,0.0,0.0,0.0,0.0,2.051,24.0
Universidad Los Leones,2019,3.6,98.3592,0.0,3.1325,6.0,0.0,0.0,0.0,0.0,0.0477,4.0,1.5,0.0,25.0,10.0,0.0,0.0,0.0,0.0,1.432,16.0
Universidad Mayor,2019,57.6,21.5562,60.0,22.1135,40.0,0.1332,38.0,13.4405,94.0,0.2838,26.0,22.153,74.0,54.68,80.0,2628328.4563,52.0,193330.2706,54.0,5.3411,58.0
Universidad Metropolitana de Ciencias de la Educacion,2019,32.2,15.143,98.0,25.0556,46.0,0.9139,56.0,3.279,38.0,0.3028,32.0,8.062,16.0,29.98,12.0,158251.8455,22.0,0.0,0.0,0.2285,2.0
Universidad Miguel de Cervantes,2019,27.6,47.964,2.0,15.0075,26.0,0.0,0.0,44.2646,100.0,0.1852,20.0,9.515,18.0,30.88,14.0,0.0,0.0,0.0,0.0,11.0445,96.0
Universidad Pedro de Valdivia,2019,23.6,18.2732,88.0,5.8616,12.0,0.0,0.0,1.3366,16.0,0.0736,8.0,6.603,12.0,44.83,44.0,0.0,0.0,0.0,0.0,5.3066,56.0
Universidad San Sebastian,2019,34.8,18.4571,84.0,8.1733,16.0,0.0,0.0,6.6847,62.0,0.1763,18.0,15.827,46.0,43.58,40.0,596115.2667,34.0,53480.8483,42.0,0.7902,6.0
Universidad Santo Tomas,2019,30.0,24.5468,36.0,8.6492,18.0,0.0,0.0,4.3276,48.0,0.1631,14.0,15.164,44.0,46.73,56.0,362340.8096,28.0,68927.7076,44.0,1.2557,12.0
Universidad Tecnica Federico Santa Maria,2019,76.6,25.3154,30.0,40.9676,78.0,2.489,74.0,6.1635,60.0,0.8819,76.0,26.435,92.0,69.43,98.0,10090578.8146,90.0,1196499.1332,90.0,7.9999,78.0
Universidad Tecnologica Metropolitana,2019,34.4,24.7604,34.0,23.7223,44.0,0.0,0.0,0.3676,4.0,0.3072,34.0,16.374,50.0,42.59,36.0,1967426.9788,44.0,343183.2618,64.0,3.5295,34.0
Universidad Tecnologica de Chile,2019,11.2,33.5913,8.0,2.0493,0.0,0.0,0.0,0.5872,6.0,0.0401,2.0,13.676,36.0,42.16,34.0,0.0,0.0,0.0,0.0,2.3343,26.0
Universidad UNIACC,2019,16.2,28.4727,16.0,3.4682,8.0,2.9796,82.0,2.7208,32.0,0.0775,10.0,1.969,2.0,23.08,8.0,0.0,0.0,0.0,0.0,0.6674,4.0
Universidad de Antofagasta,2019,75.6,19.7409,78.0,37.0936,72.0,2.5221,78.0,3.0543,36.0,0.741,64.0,50.49,100.0,66.11,94.0,4671981.1789,70.0,1466290.7179,94.0,6.6559,70.0
Universidad de Atacama,2019,45.6,22.1543,54.0,27.2806,50.0,0.0,0.0,0.6495,8.0,0.4227,40.0,22.74,76.0,63.4,88.0,997809.5552,36.0,3997.162,36.0,6.5953,68.0
Universidad de Chile,2019,83.2,17.119,96.0,53.7143,92.0,8.6477,100.0,14.5804,98.0,1.9491,100.0,16.705,52.0,42.86,38.0,16855685.669,100.0,1635959.6948,96.0,5.4771,60.0
Universidad de Concepcion,2019,84.2,18.3943,86.0,54.8293,94.0,6.2522,92.0,7.8557,76.0,1.1341,88.0,19.607,62.0,52.2,70.0,11906250.8182,94.0,2458055.3712,100.0,8.0795,80.0
Universidad de La Serena,2019,58.0,22.0012,56.0,33.5714,62.0,0.8336,54.0,2.1723,26.0,0.6708,60.0,36.638,98.0,57.58,82.0,2741672.9186,56.0,20301.5736,38.0,4.857,48.0
Universidad de Las Americas,2019,22.2,23.9409,40.0,4.8025,10.0,0.0,0.0,0.2408,2.0,0.0589,6.0,12.89,30.0,66.32,96.0,30607.2711,20.0,0.0,0.0,1.5098,18.0
Universidad de Los Lagos,2019,51.6,20.617,72.0,25.341,48.0,0.7753,52.0,0.9538,12.0,0.472,42.0,19.309,60.0,45.88,52.0,3313317.5446,62.0,646231.4887,80.0,3.7343,36.0
Universidad de Magallanes,2019,57.2,20.2535,76.0,39.1927,76.0,0.0,0.0,0.9733,14.0,0.8374,70.0,26.655,94.0,64.91,90.0,6544646.7965,80.0,571460.5335,72.0,0.0,0.0
Universidad de Playa Ancha,2019,36.6,21.0324,66.0,35.5248,70.0,2.4544,72.0,4.4261,50.0,0.5207,48.0,10.425,20.0,34.44,20.0,0.0,0.0,0.0,0.0,1.9723,20.0
Universidad de Santiago de Chile,2019,70.6,22.2979,52.0,43.5473,80.0,6.2794,94.0,5.271,58.0,1.1262,86.0,17.429,56.0,47.67,58.0,7893535.3146,84.0,1056663.1747,88.0,5.0302,50.0
Universidad de Talca,2019,78.6,20.7725,70.0,47.7182,82.0,3.662,88.0,8.7055,80.0,1.0895,84.0,19.877,66.0,47.82,60.0,7869486.4417,82.0,581088.7319,76.0,11.2512,98.0
Universidad de Tarapaca,2019,52.8,26.2329,28.0,38.2421,74.0,1.1356,58.0,0.7468,10.0,0.8807,74.0,17.718,58.0,53.19,76.0,4409330.8889,68.0,47316.4854,40.0,4.568,42.0
Universidad de Valparaiso,2019,67.0,19.4856,80.0,31.5638,58.0,1.4468,62.0,5.2259,54.0,0.7214,62.0,24.05,84.0,62.63,86.0,4767114.7911,72.0,417561.0607,68.0,4.7765,44.0
Universidad de la Frontera,2019,77.2,26.5122,22.0,55.4884,96.0,6.4275,96.0,7.0127,64.0,1.7649,98.0,21.239,72.0,49.66,66.0,13503566.8658,98.0,1948942.6365,98.0,5.8157,62.0
Universidad de los Andes,2019,69.6,23.4337,48.0,34.5008,66.0,1.249,60.0,9.3495,84.0,0.7581,66.0,25.042,90.0,45.79,50.0,4013668.1851,64.0,849655.2223,84.0,8.4028,84.0
Universidad del Bio-Bio,2019,60.2,24.1256,38.0,51.5333,88.0,1.893,68.0,2.9302,34.0,0.8699,72.0,13.368,32.0,41.78,32.0,4952133.1871,74.0,1371918.6935,92.0,6.8186,72.0
Universidad del Desarrollo,2019,54.8,20.9656,68.0,17.3988,30.0,0.1634,40.0,7.5241,72.0,0.5589,50.0,23.726,82.0,45.0,48.0,2415679.9778,50.0,310836.0094,62.0,4.7974,46.0
Pontificia Universidad Catolica de Chile,2020,84.79,16.5914,93.75,48.4582,83.33,6.2858,91.67,12.0731,91.67,1.7495,95.83,19.069,62.5,50.47,60.42,12405655.6057,97.92,842403.9291,83.33,10.0195,87.5
Pontificia Universidad Catolica de Valparaiso,2020,71.88,26.6502,18.75,64.3267,100.0,7.4357,97.92,6.5727,64.58,1.5552,91.67,17.701,54.17,49.44,52.08,9945138.6082,89.58,489599.5209,66.67,9.4723,83.33
Universidad Academia de Humanismo Cristiano,2020,33.96,20.3025,64.58,30.4338,50.0,2.6636,79.17,1.968,27.08,0.5674,45.83,3.879,2.08,19.11,0.0,2591740.8676,47.92,0.0,0.0,3.1107,22.92
Universidad Adolfo Ibanez,2020,70.0,25.043,27.08,61.3512,97.92,1.9113,64.58,14.3675,95.83,0.9633,72.92,17.741,56.25,45.92,35.42,6141248.2252,79.17,553114.0782,70.83,14.5683,100.0
Universidad Adventista de Chile,2020,31.25,14.3494,97.92,9.1714,14.58,0.0,0.0,3.234,47.92,0.2797,18.75,11.052,22.92,39.3,20.83,194419.0023,20.83,0.0,0.0,7.4128,68.75
Universidad Alberto Hurtado,2020,60.21,27.2129,16.67,55.9809,95.83,1.9936,66.67,7.9121,77.08,1.2166,85.42,6.845,12.5,22.5,4.17,7868874.8945,85.42,644985.4583,77.08,9.3407,81.25
Universidad Andres Bello,2020,57.5,22.2851,50.0,21.2503,31.25,1.5952,60.42,9.4429,83.33,0.4222,35.42,23.123,81.25,59.75,81.25,2934247.132,50.0,144156.8507,50.0,5.6539,52.08
Universidad Arturo Prat,2020,33.12,26.3829,20.83,21.998,33.33,0.0,0.0,7.6335,72.92,0.3589,27.08,13.193,31.25,40.42,22.92,2497702.9085,45.83,425478.7148,60.42,2.6416,16.67
Universidad Austral de Chile,2020,74.38,19.0687,79.17,51.4936,85.42,3.1174,85.42,2.7374,39.58,1.0731,79.17,21.493,72.92,55.23,72.92,8388166.2081,87.5,531865.9808,68.75,8.5583,72.92
Universidad Autonoma de Chile,2020,42.5,23.0822,41.67,22.8065,35.42,0.4721,41.67,1.3823,16.67,0.5643,43.75,24.301,91.67,65.72,91.67,1738618.6922,37.5,0.0,0.0,3.2407,25.0
Universidad Bernardo O'Higgins,2020,47.92,22.1772,52.08,30.024,47.92,0.1001,31.25,14.4888,97.92,0.8643,64.58,23.016,79.17,48.64,43.75,0.0,0.0,0.0,0.0,6.8589,62.5
Universidad Bolivariana de Chile,2020,17.29,42.1394,2.08,2.5519,2.08,0.8815,50.0,0.9727,12.5,0.0185,0.0,11.0,20.83,57.14,79.17,0.0,0.0,0.0,0.0,1.1239,6.25
Universidad Catolica Cardenal Raul Silva Henriquez,2020,16.67,23.2293,39.58,19.6351,29.17,0.0,0.0,0.4831,6.25,0.3405,25.0,5.092,6.25,22.03,2.08,601544.3479,29.17,0.0,0.0,3.4628,29.17
Universidad Catolica de Temuco,2020,47.08,22.5072,47.92,34.481,60.42,0.4331,39.58,2.6307,37.5,0.6374,50.0,10.949,18.75,35.41,14.58,3220754.4485,54.17,459249.0163,62.5,9.6741,85.42
Universidad Catolica de la Santisima Concepcion,2020,43.96,24.5599,31.25,30.7525,52.08,0.3931,37.5,2.1195,33.33,0.6691,52.08,16.133,41.67,47.23,39.58,3691157.494,60.42,338035.6351,58.33,4.503,33.33
Universidad Catolica del Maule,2020,50.62,23.527,37.5,32.987,56.25,0.6148,43.75,3.6585,52.08,0.7693,56.25,14.849,37.5,49.87,54.17,2206329.8835,41.67,1366.2602,35.42,10.6712,91.67
Universidad Catolica del Norte,2020,72.5,20.4348,62.5,42.5299,77.08,2.5352,75.0,2.6053,35.42,1.1802,83.33,20.797,70.83,56.87,75.0,4916849.6945,70.83,726967.5497,81.25,11.1894,93.75
Universidad Central de Chile,2020,27.29,27.5726,14.58,19.2961,27.08,0.0,0.0,10.7402,85.42,0.3089,22.92,17.256,52.08,37.87,18.75,1360222.959,33.33,0.0,0.0,2.8028,18.75
Universidad Diego Portales,2020,56.88,25.0341,29.17,27.9631,41.67,0.8463,47.92,7.2538,68.75,0.8509,62.5,22.53,77.08,50.06,58.33,3648055.3551,58.33,100869.4335,45.83,9.3295,79.17
Universidad Finis Terrae,2020,29.79,20.0489,70.83,13.991,18.75,0.0,0.0,11.7078,87.5,0.2895,20.83,11.895,27.08,33.33,10.42,520465.3842,27.08,0.0,0.0,5.2108,35.42
Universidad Internacional SEK Chile,2020,36.46,18.1114,87.5,18.8421,25.0,2.2899,68.75,3.7931,54.17,0.1137,8.33,11.516,25.0,52.75,64.58,0.0,0.0,0.0,0.0,3.6785,31.25
Universidad La Republica,2020,26.04,33.2661,4.17,4.0536,6.25,0.0,0.0,1.4853,20.83,2.1519,100.0,5.914,8.33,98.13,100.0,0.0,0.0,0.0,0.0,3.0049,20.83
Universidad Mayor,2020,58.12,21.9968,56.25,23.8042,37.5,0.31,35.42,11.8899,89.58,0.3995,33.33,23.721,85.42,56.91,77.08,3086717.714,52.08,200034.7893,54.17,6.3396,60.42
Universidad Metropolitana de Ciencias de la Educacion,2020,31.25,15.2212,95.83,31.8411,54.17,1.1568,56.25,1.6872,25.0,0.3984,31.25,7.767,14.58,33.8,12.5,338205.7956,22.92,0.0,0.0,0.177,0.0
Universidad Miguel de Cervantes,2020,24.79,53.9595,0.0,15.4249,20.83,0.0,0.0,40.148,100.0,0.2314,16.67,4.69,4.17,29.76,8.33,0.0,0.0,0.0,0.0,14.0201,97.92
Universidad Pedro de Valdivia,2020,18.12,22.9297,43.75,7.341,10.42,0.0,0.0,1.4344,18.75,0.1265,10.42,6.08,10.42,49.33,50.0,0.0,0.0,0.0,0.0,5.2496,37.5
Universidad San Sebastian,2020,33.33,19.2799,75.0,9.3581,16.67,0.0,0.0,7.7693,75.0,0.1926,12.5,16.804,47.92,45.28,29.17,606584.5907,31.25,22837.3307,41.67,1.0822,4.17
Universidad Santo Tomas,2020,30.21,21.919,58.33,8.5859,12.5,0.0,0.0,3.2243,45.83,0.1944,14.58,14.939,39.58,48.71,45.83,413170.3157,25.0,120011.6124,47.92,2.1136,12.5
Universidad Tecnica Federico Santa Maria,2020,77.71,28.2761,12.5,45.4293,79.17,2.7176,81.25,5.4165,58.33,1.0576,75.0,25.186,95.83,69.63,97.92,11796574.8007,93.75,1623768.2046,93.75,10.2072,89.58
Universidad Tecnologica Metropolitana,2020,32.92,25.1957,22.92,29.5324,45.83,0.0,0.0,0.5004,8.33,0.3877,29.17,16.848,50.0,45.39,31.25,1893393.7484,39.58,197881.0962,52.08,5.6344,50.0
Universidad Tecnologica de Chile,2020,7.71,32.7142,6.25,2.2501,0.0,0.0,0.0,0.1148,0.0,0.065,2.08,12.742,29.17,42.67,25.0,0.0,0.0,0.0,0.0,2.4292,14.58
Universidad UNIACC,2020,18.75,25.0907,25.0,3.6571,4.17,2.5186,72.92,6.8259,66.67,0.0887,4.17,2.67,0.0,26.14,6.25,0.0,0.0,0.0,0.0,1.1384,8.33
Universidad de Antofagasta,2020,73.54,20.1506,68.75,39.179,70.83,2.8647,83.33,1.5931,22.92,0.9479,66.67,35.474,100.0,66.13,95.83,3995519.2693,64.58,1604573.4122,91.67,7.583,70.83
Universidad de Atacama,2020,51.04,17.809,89.58,26.9922,39.58,0.0,0.0,2.1161,31.25,0.48,37.5,24.087,87.5,66.09,93.75,1434465.6425,35.42,3489.3966,37.5,6.2809,58.33
Universidad de Chile,2020,79.58,16.682,91.67,53.4558,87.5,8.742,100.0,13.1187,93.75,2.0527,97.92,16.142,43.75,44.17,27.08,16879271.6129,100.0,2331634.486,97.92,6.1954,56.25
Universidad de Concepcion,2020,82.5,19.8266,72.92,55.7382,93.75,6.473,93.75,7.3389,70.83,1.2214,87.5,19.336,66.67,53.96,68.75,12128884.9534,95.83,2547694.7833,100.0,8.7215,75.0
Universidad de La Serena,2020,58.75,22.7414,45.83,37.3713,68.75,1.2219,58.33,2.0955,29.17,0.9484,68.75,35.249,97.92,60.01,83.33,3514485.5089,56.25,22127.0592,39.58,5.2554,39.58
Universidad de Las Americas,2020,20.21,24.0881,33.33,6.1272,8.33,0.0,0.0,0.2457,4.17,0.0955,6.25,13.294,33.33,62.83,87.5,31989.9377,18.75,0.0,0.0,1.7535,10.42
Universidad de Los Lagos,2020,50.62,21.224,60.42,28.7423,43.75,0.7494,45.83,1.0805,14.58,0.59,47.92,17.841,58.33,47.79,41.67,3849294.033,62.5,1040258.1051,87.5,5.4072,43.75
Universidad de Magallanes,2020,56.46,13.9679,100.0,33.5266,58.33,0.0,0.0,0.5707,10.42,0.745,54.17,24.982,93.75,65.27,89.58,5832018.0683,77.08,680132.1304,79.17,0.4239,2.08
Universidad de Playa Ancha,2020,36.88,18.8363,81.25,36.1148,66.67,2.6093,77.08,2.7566,41.67,0.5506,41.67,10.7,16.67,35.45,16.67,0.0,0.0,0.0,0.0,3.2616,27.08
Universidad de Santiago de Chile,2020,69.17,20.2293,66.67,40.7277,72.92,5.9098,89.58,4.2896,56.25,1.2608,89.58,16.18,45.83,51.03,62.5,7414724.6005,81.25,873878.1038,85.42,5.366,41.67
Universidad de Talca,2020,78.33,19.104,77.08,47.5241,81.25,3.2642,87.5,8.9193,81.25,1.0968,81.25,19.262,64.58,49.94,56.25,7438063.7615,83.33,597169.3597,75.0,11.9031,95.83
Universidad de Tarapaca,2020,51.04,28.3465,10.42,42.0403,75.0,1.0953,52.08,0.1475,2.08,1.0605,77.08,18.388,60.42,54.37,70.83,5330544.1872,72.92,25889.9676,43.75,5.5056,45.83
Universidad de Valparaiso,2020,66.25,18.6562,83.33,34.6614,62.5,1.1568,54.17,3.6124,50.0,0.7906,58.33,22.395,75.0,62.22,85.42,4858711.9982,66.67,590191.4688,72.92,5.8493,54.17
Universidad de la Frontera,2020,78.12,22.1317,54.17,53.626,89.58,6.5584,95.83,5.6214,60.42,1.6094,93.75,19.888,68.75,52.83,66.67,11694303.4495,91.67,2106571.669,95.83,6.9559,64.58
Universidad de los Andes,2020,60.62,30.1651,8.33,35.7147,64.58,1.7382,62.5,8.2713,79.17,0.8428,60.42,23.358,83.33,46.6,37.5,4874075.5597,68.75,463346.6375,64.58,9.3143,77.08
Universidad del Bio-Bio,2020,61.25,23.9029,35.42,54.1467,91.67,2.4179,70.83,2.8155,43.75,0.9502,70.83,14.373,35.42,45.63,33.33,5371093.4247,75.0,1198038.8206,89.58,7.0925,66.67
Universidad del Desarrollo,2020,52.71,18.1332,85.42,15.695,22.92,0.2993,33.33,6.129,62.5,0.5202,39.58,24.25,89.58,48.71,45.83,2361402.7562,43.75,220235.5774,56.25,5.5848,47.92
Pontificia Universidad Catolica de Chile,2021,82.92,19.8583,79.17,49.6147,83.33,6.8721,93.75,11.1235,85.42,1.839,97.92,17.913,60.42,51.79,58.33,14392474.6501,97.92,1073175.5119,85.42,9.8033,87.5
Pontificia Universidad Catolica de Valparaiso,2021,72.71,27.5924,27.08,65.3799,100.0,7.1123,95.83,7.7057,70.83,1.646,93.75,17.09,54.17,50.68,47.92,9639816.5818,85.42,685350.5833,68.75,9.6392,83.33
Universidad Academia de Humanismo Cristiano,2021,33.75,28.3891,25.0,29.8086,43.75,3.1066,83.33,1.3131,14.58,0.7929,54.17,3.573,2.08,19.71,0.0,3029309.15,50.0,0.0,0.0,7.2478,64.58
Universidad Adolfo Ibanez,2021,70.62,23.464,50.0,57.8479,97.92,2.0754,64.58,14.7428,95.83,0.9676,68.75,16.816,47.92,47.69,37.5,6370564.2134,72.92,737143.5896,72.92,14.4579,97.92
Universidad Adventista de Chile,2021,26.67,14.1343,100.0,9.8059,8.33,0.0,0.0,2.9203,37.5,0.3391,20.83,10.773,25.0,43.75,25.0,0.0,0.0,0.0,0.0,6.158,50.0
Universidad Alberto Hurtado,2021,57.5,30.4115,14.58,57.1595,95.83,2.2331,66.67,9.7623,83.33,1.3554,91.67,6.139,12.5,22.94,2.08,6576745.0607,77.08,704018.4291,70.83,7.1189,60.42
Universidad Andres Bello,2021,52.92,23.9493,45.83,21.9251,31.25,1.4607,54.17,12.4226,89.58,0.4608,31.25,20.882,77.08,60.31,83.33,2519768.9623,41.67,132501.1763,43.75,5.3035,31.25
Universidad Arturo Prat,2021,35.83,28.7237,20.83,21.5851,29.17,0.4151,35.42,5.2983,60.42,0.4683,33.33,15.22,39.58,45.11,31.25,2801706.1871,43.75,630121.8824,62.5,1.6589,2.08
Universidad Austral de Chile,2021,73.54,18.92,85.42,53.504,85.42,2.9061,79.17,2.9513,39.58,1.1338,79.17,18.752,68.75,57.16,75.0,8687729.5498,81.25,637116.8403,64.58,8.926,77.08
Universidad Autonoma de Chile,2021,44.79,25.6911,33.33,23.6113,35.42,0.3076,29.17,1.783,22.92,0.643,45.83,23.162,89.58,65.66,91.67,1872645.765,33.33,0.0,0.0,7.3159,66.67
Universidad Bernardo O'Higgins,2021,53.12,22.4813,60.42,33.3601,56.25,0.3459,31.25,14.5725,93.75,0.8954,62.5,20.589,75.0,52.26,66.67,0.0,0.0,0.0,0.0,9.7686,85.42
Universidad Bolivariana de Chile,2021,15.42,42.5736,2.08,3.1922,2.08,1.654,58.33,5.2836,58.33,0.0364,0.0,7.182,14.58,36.36,14.58,0.0,0.0,0.0,0.0,1.8359,4.17
Universidad Catolica Cardenal Raul Silva Henriquez,2021,19.58,22.4254,64.58,22.6543,33.33,0.0,0.0,0.8313,10.42,0.4081,25.0,4.99,10.42,26.12,6.25,909965.0064,29.17,0.0,0.0,3.6138,16.67
Universidad Catolica de Temuco,2021,48.75,22.6723,58.33,33.9315,58.33,0.6554,41.67,2.7673,33.33,0.7003,50.0,10.376,22.92,36.86,16.67,2966327.0474,47.92,783663.7173,77.08,9.3681,81.25
Universidad Catolica de la Santisima Concepcion,2021,45.83,23.9948,43.75,33.0062,54.17,0.6008,39.58,2.663,29.17,0.7632,52.08,16.027,43.75,51.48,54.17,4057736.6714,62.5,235934.0695,54.17,4.9186,25.0
Universidad Catolica del Maule,2021,53.75,22.7718,56.25,43.1214,75.0,1.0664,52.08,4.6942,47.92,0.9327,66.67,14.179,35.42,52.02,62.5,2818119.5423,45.83,0.0,0.0,11.3614,95.83
Universidad Catolica del Norte,2021,75.0,20.4065,75.0,41.5687,72.92,2.608,75.0,3.6075,43.75,1.2678,85.42,20.18,72.92,57.87,77.08,5772258.7739,68.75,1387480.9586,89.58,9.9525,89.58
Universidad Central de Chile,2021,28.96,29.0299,18.75,20.4722,27.08,0.0,0.0,13.7855,91.67,0.3133,18.75,17.691,56.25,39.87,22.92,2166200.5726,39.58,0.0,0.0,3.5372,14.58
Universidad Diego Portales,2021,55.21,27.1705,29.17,31.5757,50.0,1.0476,50.0,6.3968,64.58,0.9119,64.58,21.97,81.25,51.03,50.0,3187464.3602,52.08,118631.9788,41.67,8.1341,68.75
Universidad Finis Terrae,2021,30.42,22.4692,62.5,16.367,25.0,0.0,0.0,9.7575,81.25,0.3788,22.92,11.389,27.08,37.63,18.75,697757.4371,25.0,0.0,0.0,5.7557,41.67
Universidad Gabriela Mistral,2021,26.04,23.0114,52.08,12.3663,14.58,0.0,0.0,5.2288,56.25,0.4378,27.08,4.504,6.25,31.3,10.42,0.0,0.0,0.0,0.0,11.0294,93.75
Universidad Internacional SEK Chile,2021,39.79,18.8664,87.5,16.1712,22.92,4.3824,87.5,7.4719,66.67,0.1914,8.33,9.817,18.75,58.78,79.17,0.0,0.0,0.0,0.0,5.0252,27.08
Universidad Mayor,2021,57.5,24.4406,39.58,23.7401,37.5,0.3783,33.33,11.7218,87.5,0.5051,37.5,24.64,95.83,58.82,81.25,3265134.6807,54.17,229641.4362,52.08,6.4911,56.25
Universidad Metropolitana de Ciencias de la Educacion,2021,30.62,15.2154,95.83,31.0215,45.83,0.9053,43.75,2.7666,31.25,0.4576,29.17,8.258,16.67,38.28,20.83,421989.1141,22.92,0.0,0.0,0.0475,0.0
Universidad Miguel de Cervantes,2021,24.79,57.6317,0.0,15.6153,20.83,0.0,0.0,38.8468,100.0,0.2703,14.58,4.51,8.33,23.96,4.17,0.0,0.0,0.0,0.0,14.503,100.0
Universidad Pedro de Valdivia,2021,10.42,31.4985,8.33,8.883,6.25,0.0,0.0,0.6271,6.25,0.211,10.42,4.266,4.17,49.26,45.83,0.0,0.0,0.0,0.0,4.704,22.92
Universidad San Sebastian,2021,33.33,31.3834,10.42,14.6716,16.67,0.1039,27.08,8.3538,77.08,0.3126,16.67,17.749,58.33,44.59,29.17,1134681.4786,31.25,135640.356,45.83,4.5551,20.83
Universidad Santo Tomas,2021,29.38,22.8359,54.17,10.7734,12.5,0.0,0.0,2.2322,25.0,0.2249,12.5,16.574,45.83,51.31,52.08,737535.5466,27.08,281176.4995,56.25,2.4602,8.33
Universidad Tecnica Federico Santa Maria,2021,74.38,30.5526,12.5,44.3125,77.08,2.4404,70.83,5.183,54.17,1.0703,77.08,23.585,93.75,69.83,100.0,11800101.232,89.58,1593708.2531,93.75,8.7652,75.0
Universidad Tecnologica Metropolitana,2021,38.12,25.5907,35.42,31.2683,47.92,0.0,0.0,0.7295,8.33,0.5115,39.58,16.995,50.0,48.28,41.67,3375500.9156,56.25,200823.155,47.92,6.2963,54.17
Universidad Tecnologica de Chile,2021,7.29,40.8239,4.17,2.4923,0.0,0.0,0.0,0.0,0.0,0.1214,2.08,12.443,29.17,43.83,27.08,0.0,0.0,0.0,0.0,2.6808,10.42
Universidad UNIACC,2021,18.96,35.2039,6.25,5.5994,4.17,2.2586,68.75,7.699,68.75,0.1318,4.17,2.477,0.0,28.97,8.33,0.0,0.0,0.0,0.0,5.0942,29.17
Universidad de Antofagasta,2021,73.12,19.832,81.25,37.7969,68.75,2.866,77.08,1.5236,16.67,1.0327,75.0,43.738,100.0,65.7,93.75,5174079.8061,64.58,1576382.4404,91.67,7.1241,62.5
Universidad de Atacama,2021,48.54,20.6229,70.83,26.3651,39.58,0.0,0.0,0.383,2.08,0.6192,43.75,22.676,87.5,65.73,95.83,2021751.5314,35.42,3510.4348,37.5,8.3592,72.92
Universidad de Chile,2021,79.38,18.3189,89.58,55.0473,87.5,8.2571,100.0,14.8722,97.92,2.0344,100.0,15.912,41.67,47.72,39.58,19028466.1515,100.0,2258601.9005,97.92,5.6441,39.58
Universidad de Concepcion,2021,82.29,19.9834,77.08,56.1745,93.75,6.5983,91.67,7.8706,72.92,1.2868,89.58,18.234,62.5,55.44,70.83,13313515.7518,93.75,2431100.2336,100.0,8.2937,70.83
Universidad de La Serena,2021,58.96,26.5436,31.25,36.7995,66.67,1.7277,60.42,2.4042,27.08,1.0308,72.92,32.569,97.92,61.85,87.5,4047072.6703,60.42,215871.9361,50.0,5.5232,35.42
Universidad de Las Americas,2021,19.58,24.1321,41.67,10.7401,10.42,0.0,0.0,0.557,4.17,0.1331,6.25,13.715,31.25,63.42,89.58,0.0,0.0,0.0,0.0,3.0016,12.5
Universidad de Los Lagos,2021,47.5,20.5813,72.92,28.7491,41.67,0.9421,47.92,0.8662,12.5,0.6826,47.92,17.021,52.08,49.04,43.75,3803143.6149,58.33,883105.0625,79.17,4.4937,18.75
Universidad de Magallanes,2021,61.46,14.604,97.92,32.6724,52.08,0.0,0.0,1.6311,20.83,0.8001,56.25,21.727,79.17,65.85,97.92,13495472.9627,95.83,656820.9152,66.67,6.1127,47.92
Universidad de Playa Ancha,2021,35.83,18.2867,91.67,36.2181,62.5,3.0818,81.25,3.3662,41.67,0.5377,41.67,10.192,20.83,36.2,12.5,0.0,0.0,0.0,0.0,2.3892,6.25
Universidad de Santiago de Chile,2021,67.08,21.7489,66.67,39.1517,70.83,4.5142,89.58,5.1228,52.08,1.273,87.5,15.195,37.5,51.94,60.42,7905242.0516,79.17,1071145.7295,83.33,5.9189,43.75
Universidad de Talca,2021,76.04,21.3624,68.75,47.4474,81.25,3.3697,85.42,8.3287,75.0,1.267,83.33,18.286,66.67,52.07,64.58,9242284.4498,83.33,369560.7,60.42,10.5995,91.67
Universidad de Tarapaca,2021,54.79,28.7114,22.92,45.5557,79.17,0.9227,45.83,1.5715,18.75,1.2113,81.25,18.934,70.83,57.04,72.92,6177358.2468,70.83,22145.3287,39.58,6.0263,45.83
Universidad de Valparaiso,2021,66.04,19.7055,83.33,35.9767,60.42,1.5218,56.25,4.541,45.83,0.854,58.33,23.341,91.67,61.51,85.42,5614888.6226,66.67,774372.7292,75.0,5.579,37.5
Universidad de la Frontera,2021,76.04,23.5771,47.92,55.648,89.58,7.3539,97.92,5.0152,50.0,1.7622,95.83,18.265,64.58,54.25,68.75,13054553.9579,91.67,1835333.7333,95.83,6.5837,58.33
Universidad de los Andes,2021,65.0,29.0472,16.67,36.4497,64.58,1.8451,62.5,8.4418,79.17,0.8775,60.42,22.02,83.33,47.1,35.42,9871291.0686,87.5,977868.802,81.25,9.1055,79.17
Universidad del Bio-Bio,2021,58.96,25.1365,37.5,55.974,91.67,2.4758,72.92,2.7711,35.42,1.0294,70.83,13.843,33.33,46.57,33.33,6553021.1177,75.0,1206138.59,87.5,6.263,52.08
Universidad del Desarrollo,2021,51.88,17.1629,93.75,15.5529,18.75,0.4602,37.5,5.8469,62.5,0.5027,35.42,22.104,85.42,51.63,56.25,2151389.6199,37.5,282184.161,58.33,5.3712,33.33
Pontificia Universidad Catolica de Chile,2022,85.31,18.9661,85.71,49.52,81.63,7.4105,97.96,12.204,89.8,1.871,93.88,16.09,59.18,52.84,59.18,15924083.1919,95.92,2310995.8042,95.92,9.9021,93.88
Pontificia Universidad Catolica de Valparaiso,2022,73.06,27.1019,26.53,65.8663,100.0,6.4109,91.84,7.4895,69.39,1.7191,91.84,15.877,55.1,51.5,46.94,10819089.748,85.71,1003297.6788,79.59,9.0557,83.67
Universidad Academia de Humanismo Cristiano,2022,29.39,22.2837,53.06,24.8023,34.69,1.8824,65.31,1.7993,26.53,0.6483,40.82,3.299,4.08,21.25,2.04,2186783.7512,36.73,0.0,0.0,5.0034,30.61
Universidad Adolfo Ibanez,2022,72.04,22.1638,57.14,56.2833,93.88,1.7707,63.27,15.4031,93.88,1.0596,71.43,15.712,53.06,51.64,48.98,7266536.2255,69.39,722447.1005,71.43,13.027,97.96
Universidad Adventista de Chile,2022,28.78,14.5704,95.92,12.5942,14.29,0.0,0.0,3.0723,42.86,0.4586,24.49,8.77,22.45,42.62,26.53,0.0,0.0,0.0,0.0,6.873,61.22
Universidad Alberto Hurtado,2022,57.96,29.1347,10.2,55.6973,89.8,2.7146,79.59,12.1943,87.76,1.3912,85.71,5.46,14.29,23.76,6.12,7486838.5929,71.43,677525.1668,67.35,7.7706,67.35
Universidad Andres Bello,2022,50.41,22.9783,48.98,22.3668,30.61,1.2357,53.06,11.3904,83.67,0.4812,28.57,18.807,77.55,60.92,81.63,1916495.3275,34.69,85640.0669,32.65,5.4355,32.65
Universidad Arturo Prat,2022,36.94,25.0524,32.65,25.4475,40.82,0.7317,44.9,1.2072,14.29,0.5151,34.69,15.263,51.02,46.59,28.57,3413805.8306,46.94,475543.4694,63.27,3.0755,12.24
Universidad Austral de Chile,2022,74.08,18.6036,87.76,55.1635,87.76,2.8155,81.63,3.0469,40.82,1.2149,77.55,16.581,61.22,57.56,73.47,8843664.1361,79.59,555361.2982,65.31,9.4132,85.71
Universidad Autonoma de Chile,2022,49.18,28.8182,16.33,25.2744,36.73,0.2758,30.61,1.4482,16.33,0.7646,48.98,21.29,91.84,65.57,89.8,3743930.6748,53.06,121302.8503,36.73,8.3984,71.43
Universidad Bernardo O'Higgins,2022,54.08,23.1017,46.94,33.852,59.18,0.4987,36.73,17.2172,97.96,1.0189,65.31,17.368,69.39,55.16,65.31,573343.9731,22.45,0.0,0.0,8.6781,77.55
Universidad Bolivariana de Chile,2022,12.24,31.3474,6.12,2.4519,0.0,2.2915,69.39,1.9006,28.57,0.0504,0.0,6.0,16.33,18.18,0.0,0.0,0.0,0.0,0.0,1.5582,2.04
Universidad Catolica Cardenal Raul Silva Henriquez,2022,21.22,21.1827,67.35,25.3589,38.78,0.0,0.0,0.913,8.16,0.4602,26.53,4.801,12.24,28.35,8.16,1720947.7917,32.65,0.0,0.0,3.7763,18.37
Universidad Catolica de Temuco,2022,50.61,21.3315,61.22,34.8255,61.22,0.8689,48.98,2.6395,38.78,0.7737,51.02,9.09,24.49,38.54,16.33,3547978.3586,48.98,746700.4959,73.47,8.9896,81.63
Universidad Catolica de la Santisima Concepcion,2022,47.55,23.4223,42.86,35.0118,63.27,0.5987,40.82,2.4817,34.69,0.8824,57.14,14.29,40.82,52.04,51.02,4972185.4845,63.27,234032.7102,53.06,4.8428,28.57
Universidad Catolica del Maule,2022,59.59,20.9298,71.43,40.2596,73.47,1.2859,55.1,4.8802,53.06,1.0382,67.35,12.964,36.73,54.6,63.27,3673809.3241,51.02,111791.311,34.69,9.7194,89.8
Universidad Catolica del Norte,2022,75.71,20.6961,73.47,45.0322,77.55,2.5048,75.51,3.6663,48.98,1.434,87.76,17.643,73.47,58.97,75.51,6663017.8455,65.31,1457582.6445,87.76,9.866,91.84
Universidad Central de Chile,2022,29.8,27.9137,24.49,21.5037,28.57,0.0,0.0,14.5092,91.84,0.3243,18.37,16.05,57.14,41.55,22.45,2334388.9335,38.78,0.0,0.0,3.5879,16.33
Universidad Diego Portales,2022,54.69,26.6983,28.57,32.9445,53.06,1.4656,57.14,6.0625,65.31,0.9698,63.27,19.757,83.67,51.23,44.9,3230827.1503,42.86,132820.3719,38.78,8.2536,69.39
Universidad Finis Terrae,2022,31.84,21.2181,65.31,19.2063,26.53,0.0,0.0,11.2092,81.63,0.4268,22.45,11.105,28.57,39.5,18.37,759142.5876,24.49,0.0,0.0,6.2371,51.02
Universidad Gabriela Mistral,2022,21.02,29.0044,12.24,12.1083,12.24,0.0,0.0,5.9566,63.27,0.3895,20.41,3.189,2.04,33.83,12.24,0.0,0.0,0.0,0.0,9.6633,87.76
Universidad Internacional SEK Chile,2022,37.76,22.2204,55.1,19.1425,24.49,5.2122,89.8,3.6296,46.94,0.2634,14.29,10.044,26.53,57.5,71.43,0.0,0.0,0.0,0.0,6.197,48.98
Universidad La Republica,2022,22.24,45.9064,2.04,3.0522,4.08,0.0,0.0,0.2695,2.04,4.8134,100.0,4.646,10.2,97.17,100.0,0.0,0.0,0.0,0.0,1.7323,4.08
Universidad Mayor,2022,56.33,27.9372,22.45,23.796,32.65,0.5709,38.78,11.844,85.71,0.6542,42.86,22.888,95.92,59.58,77.55,4502334.1935,57.14,178657.7151,46.94,7.1145,63.27
Universidad Metropolitana de Ciencias de la Educacion,2022,33.88,13.2118,100.0,32.9445,55.1,0.4273,34.69,4.1475,51.02,0.4941,32.65,6.819,18.37,40.86,20.41,1073952.4252,26.53,0.0,0.0,0.2307,0.0
Universidad Miguel de Cervantes,2022,24.69,50.2496,0.0,16.8507,18.37,0.0,0.0,44.9428,100.0,0.3207,16.33,4.085,8.16,23.58,4.08,0.0,0.0,0.0,0.0,13.8254,100.0
Universidad Pedro de Valdivia,2022,15.71,25.6986,30.61,6.4305,8.16,0.0,0.0,1.4862,18.37,0.1613,4.08,3.589,6.12,51.21,42.86,0.0,0.0,0.0,0.0,6.1304,46.94
Universidad San Sebastian,2022,36.94,22.9029,51.02,13.9876,16.33,0.1209,28.57,8.6081,77.55,0.2433,10.2,17.141,67.35,47.85,32.65,1191275.7603,30.61,142348.1507,40.82,3.5875,14.29
Universidad Santo Tomas,2022,31.22,21.3986,59.18,11.1742,10.2,0.0,0.0,2.1772,30.61,0.2505,12.24,15.105,48.98,52.72,57.14,1079171.0785,28.57,280076.7065,57.14,2.2134,8.16
Universidad Tecnica Federico Santa Maria,2022,70.82,29.3742,8.16,42.0082,75.51,2.4831,71.43,3.5193,44.9,1.0557,69.39,22.213,93.88,68.68,97.96,9660637.4266,81.63,1399635.806,85.71,8.7681,79.59
Universidad Tecnologica Metropolitana,2022,40.0,24.3627,38.78,32.4836,48.98,0.0,0.0,1.5202,20.41,0.5747,36.73,14.911,46.94,48.45,36.73,4724695.1961,59.18,381997.4228,59.18,6.2556,53.06
Universidad Tecnologica de Chile,2022,7.76,34.0047,4.08,3.1964,6.12,0.0,0.0,0.0,0.0,0.1649,6.12,11.434,30.61,42.08,24.49,0.0,0.0,0.0,0.0,1.8574,6.12
Universidad UNIACC,2022,17.55,28.6577,18.37,2.8398,2.04,0.6666,42.86,8.0391,75.51,0.0768,2.04,2.747,0.0,32.29,10.2,0.0,0.0,0.0,0.0,4.7036,24.49
Universidad de Antofagasta,2022,70.2,16.3909,91.84,32.6843,51.02,2.2142,67.35,1.7857,24.49,0.9449,61.22,40.517,100.0,65.86,93.88,4894296.9437,61.22,1625253.4269,91.84,6.6946,59.18
Universidad de Atacama,2022,52.65,21.0017,69.39,28.1138,42.86,0.0914,26.53,0.5616,4.08,0.74,46.94,20.842,89.8,65.6,91.84,3364077.4569,44.9,155870.9784,44.9,7.4741,65.31
Universidad de Chile,2022,80.2,18.3224,89.8,56.2429,91.84,7.8294,100.0,15.4857,95.92,2.0776,97.96,14.568,44.9,49.32,40.82,18429840.0104,100.0,2427526.3601,97.96,5.7828,42.86
Universidad de Concepcion,2022,82.24,20.5831,75.51,59.3756,97.96,6.4714,93.88,7.6936,73.47,1.3769,83.67,16.595,63.27,55.94,67.35,14394887.3706,91.84,3036175.1111,100.0,8.6599,75.51
Universidad de La Serena,2022,59.59,24.6579,34.69,38.0417,69.39,1.5839,59.18,2.3767,32.65,1.0745,73.47,27.276,97.96,63.97,87.76,6697229.2617,67.35,211098.792,51.02,4.4064,22.45
Universidad de Las Americas,2022,23.06,24.5193,36.73,17.8941,22.45,0.0,0.0,0.8706,6.12,0.1873,8.16,12.051,32.65,63.17,85.71,47323.7204,18.37,0.0,0.0,4.0871,20.41
Universidad de Los Lagos,2022,47.35,19.1728,81.63,30.3974,44.9,1.0662,51.02,1.0426,10.2,0.6905,44.9,14.323,42.86,48.81,38.78,4444918.4391,55.1,945300.9222,77.55,4.7217,26.53
Universidad de Magallanes,2022,60.0,13.5966,97.96,32.0237,46.94,0.0,0.0,1.6577,22.45,0.8621,53.06,20.085,85.71,67.34,95.92,15792892.4798,93.88,692667.0828,69.39,5.5205,34.69
Universidad de Playa Ancha,2022,42.86,15.4427,93.88,33.1057,57.14,2.8549,83.67,4.9915,55.1,0.4866,30.61,8.714,20.41,37.18,14.29,467921.3516,20.41,146404.3101,42.86,2.5057,10.2
Universidad de Santiago de Chile,2022,65.31,21.3247,63.27,38.9363,71.43,3.5187,85.71,5.3771,57.14,1.297,79.59,14.19,38.78,52.14,53.06,8563070.1048,77.55,1055783.7765,81.63,6.0637,44.9
Universidad de Talca,2022,76.33,19.9685,77.55,48.4404,79.59,3.5579,87.76,7.6531,71.43,1.3659,81.63,17.09,65.31,52.27,55.1,11056515.8215,87.76,390816.0096,61.22,10.4654,95.92
Universidad de Tarapaca,2022,58.16,28.8388,14.29,49.5987,83.67,0.3703,32.65,1.1364,12.24,1.4608,89.8,18.886,79.59,60.23,79.59,9995373.1219,83.67,178657.8536,48.98,6.6515,57.14
Universidad de Valparaiso,2022,68.78,19.2464,79.59,35.6866,65.31,2.4928,73.47,5.8574,61.22,0.8657,55.1,19.558,81.63,61.32,83.67,8178509.002,75.51,793191.2804,75.51,5.524,36.73
Universidad de la Frontera,2022,75.51,23.1168,44.9,54.0025,85.71,6.7757,95.92,5.7198,59.18,1.9251,95.92,17.371,71.43,56.09,69.39,16085164.392,97.96,2162878.0692,93.88,5.7497,40.82
Universidad de los Andes,2022,64.49,28.538,20.41,36.3947,67.35,1.7017,61.22,10.3818,79.59,0.9013,59.18,18.076,75.51,48.09,34.69,11578379.2507,89.8,1396173.4589,83.67,8.4852,73.47
Universidad del Bio-Bio,2022,61.02,23.7745,40.82,58.2457,95.92,2.5905,77.55,2.6318,36.73,1.0904,75.51,12.821,34.69,47.15,30.61,7590802.5134,73.47,1602860.8056,89.8,6.259,55.1
Universidad del Desarrollo,2022,54.08,18.9803,83.67,17.8361,20.41,0.7854,46.94,6.9815,67.35,0.5941,38.78,20.424,87.76,53.74,61.22,3131587.5783,40.82,243896.1406,55.1,5.552,38.78
Pontificia Universidad Catolica de Chile,2023,84.38,19.112,81.25,50.0223,81.25,7.3648,95.83,11.9627,89.58,1.9211,95.83,14.223,62.5,54.29,54.17,18723033.4257,97.92,3873671.4346,95.83,10.0308,89.58
Pontificia Universidad Catolica de Valparaiso,2023,75.0,24.7615,31.25,64.5425,100.0,6.839,93.75,7.7864,72.92,1.6506,89.58,14.009,58.33,53.05,47.92,13145999.4384,89.58,1654102.0136,85.42,9.2652,81.25
Universidad Academia de Humanismo Cristiano,2023,21.25,29.0561,14.58,19.1382,22.92,2.508,66.67,1.3889,14.58,0.71,43.75,2.797,2.08,21.19,0.0,1843310.5335,35.42,0.0,0.0,3.2969,12.5
Universidad Adolfo Ibanez,2023,73.33,22.4449,47.92,56.9169,91.67,1.5997,56.25,14.3566,95.83,1.1748,75.0,14.116,60.42,55.5,60.42,9384029.5037,75.0,789421.1816,70.83,13.4429,100.0
Universidad Adventista de Chile,2023,24.58,14.8925,93.75,12.7796,10.42,0.0,0.0,3.1408,39.58,0.5409,31.25,7.865,20.83,43.94,25.0,0.0,0.0,0.0,0.0,4.328,25.0
Universidad Alberto Hurtado,2023,56.67,29.1884,12.5,55.7615,87.5,5.4348,87.5,12.7109,91.67,1.4647,87.5,4.855,14.58,25.58,4.17,7799565.2126,66.67,220721.1704,41.67,8.5749,72.92
Universidad Andres Bello,2023,49.17,22.2951,52.08,22.7061,31.25,1.2077,47.92,10.1955,85.42,0.5099,27.08,16.642,81.25,61.55,79.17,908911.6422,20.83,57755.1503,27.08,5.384,39.58
Universidad Arturo Prat,2023,35.21,25.1323,29.17,22.3384,27.08,3.5947,81.25,0.4191,2.08,0.5543,33.33,13.966,54.17,47.87,27.08,3497691.8383,39.58,321897.023,47.92,3.1124,10.42
Universidad Austral de Chile,2023,70.83,19.0155,85.42,56.1458,89.58,2.6703,72.92,3.408,41.67,1.2889,79.17,13.487,50.0,57.08,64.58,10074864.4318,79.17,477754.8407,60.42,9.7568,85.42
Universidad Autonoma de Chile,2023,53.75,25.8399,25.0,30.8238,47.92,0.19,31.25,1.6732,18.75,0.7226,45.83,17.587,89.58,65.97,93.75,3967036.3314,45.83,504020.9857,62.5,8.7075,77.08
Universidad Bernardo O'Higgins,2023,60.42,22.7365,41.67,32.9042,52.08,0.6527,39.58,15.6206,97.92,1.1445,72.92,13.972,56.25,57.1,68.75,1764908.4159,33.33,326357.443,50.0,10.0795,91.67
Universidad Catolica Cardenal Raul Silva Henriquez,2023,22.71,20.6959,62.5,27.4419,37.5,0.109,25.0,0.8532,12.5,0.5069,25.0,4.672,12.5,33.94,6.25,1305010.7365,27.08,0.0,0.0,4.081,18.75
Universidad Catolica de Temuco,2023,47.08,20.2397,68.75,34.8818,60.42,1.3517,50.0,2.3962,29.17,0.8107,47.92,8.42,22.92,41.02,16.67,3685400.6153,41.67,680737.2684,66.67,8.3016,66.67
Universidad Catolica de la Santisima Concepcion,2023,48.12,24.2888,35.42,33.6941,54.17,0.6068,37.5,2.8618,35.42,0.996,62.5,11.672,37.5,53.37,50.0,6260466.489,62.5,812425.7319,72.92,4.773,33.33
Universidad Catolica del Maule,2023,61.04,18.714,87.5,41.1926,70.83,1.5225,54.17,3.7477,43.75,1.0588,68.75,11.57,35.42,56.44,62.5,4038004.0961,47.92,294665.704,45.83,10.0915,93.75
Universidad Catolica del Norte,2023,77.71,19.4334,75.0,43.9313,75.0,2.8155,77.08,4.3202,47.92,1.3693,81.25,15.958,75.0,62.45,81.25,9999013.7451,77.08,2157573.8635,89.58,12.1408,97.92
Universidad Central de Chile,2023,28.33,25.6856,27.08,23.1938,33.33,0.0,0.0,11.3666,87.5,0.3355,18.75,12.422,41.67,43.33,22.92,2434863.836,37.5,0.0,0.0,3.5228,14.58
Universidad Diego Portales,2023,54.58,23.3806,37.5,30.2207,45.83,1.6517,58.33,6.2711,64.58,0.8273,50.0,15.922,72.92,52.6,45.83,4144169.6697,50.0,183738.3634,37.5,9.2714,83.33
Universidad Finis Terrae,2023,31.25,20.4389,64.58,22.4614,29.17,0.0,0.0,7.8615,75.0,0.4876,22.92,9.646,29.17,40.49,14.58,1255470.2853,25.0,0.0,0.0,6.4992,52.08
Universidad Gabriela Mistral,2023,20.83,30.1158,8.33,12.3373,8.33,0.0,0.0,8.3021,79.17,0.2992,14.58,2.555,0.0,41.78,18.75,0.0,0.0,0.0,0.0,9.0378,79.17
Universidad Internacional SEK Chile,2023,35.83,21.496,58.33,15.3049,14.58,7.9274,97.92,3.783,45.83,0.2731,10.42,9.107,27.08,57.87,72.92,0.0,0.0,0.0,0.0,4.649,31.25
Universidad La Republica,2023,22.29,35.55,2.08,3.7349,2.08,0.0,0.0,0.7047,6.25,5.5933,100.0,4.226,10.42,97.15,100.0,0.0,0.0,0.0,0.0,1.708,2.08
Universidad Mayor,2023,55.21,28.6429,16.67,24.3236,35.42,0.8631,41.67,8.6617,83.33,0.6996,39.58,20.788,95.83,60.46,77.08,5690749.3497,60.42,267325.7461,43.75,7.1663,58.33
Universidad Metropolitana de Ciencias de la Educacion,2023,35.21,12.7013,100.0,34.2081,56.25,1.151,45.83,4.523,52.08,0.5293,29.17,6.651,16.67,42.59,20.83,1639850.3636,31.25,0.0,0.0,0.226,0.0
Universidad Miguel de Cervantes,2023,24.17,37.8475,0.0,17.3363,18.75,0.0,0.0,37.5566,100.0,0.3162,16.67,3.692,8.33,22.5,2.08,0.0,0.0,0.0,0.0,10.8023,95.83
Universidad Pedro de Valdivia,2023,14.58,24.5135,33.33,5.869,6.25,0.0,0.0,2.722,31.25,0.146,2.08,3.397,6.25,50.72,39.58,0.0,0.0,0.0,0.0,4.3983,27.08
Universidad San Sebastian,2023,36.67,21.9806,54.17,15.7206,16.67,0.1369,27.08,7.7177,68.75,0.2699,8.33,14.358,64.58,51.99,41.67,1562255.9554,29.17,182502.5513,35.42,4.0868,20.83
Universidad Santo Tomas,2023,29.79,21.616,56.25,14.593,12.5,0.0,0.0,2.0921,20.83,0.2751,12.5,13.913,52.08,55.4,56.25,1224932.3372,22.92,382461.952,58.33,2.2912,6.25
Universidad Tecnica Federico Santa Maria,2023,72.71,28.2581,18.75,44.618,77.08,2.7033,75.0,5.879,60.42,1.0526,64.58,18.545,93.75,68.43,97.92,11248895.3331,83.33,1422405.8555,81.25,8.6715,75.0
Universidad Tecnologica Metropolitana,2023,43.75,22.6195,43.75,36.4606,64.58,0.0,0.0,2.1084,22.92,0.6612,35.42,13.157,45.83,50.45,37.5,5328888.4698,56.25,718429.7031,68.75,8.0643,62.5
Universidad Tecnologica de Chile,2023,4.58,33.3044,4.17,3.1985,0.0,0.0,0.0,0.0,0.0,0.2527,4.17,9.056,25.0,37.5,8.33,0.0,0.0,0.0,0.0,2.0771,4.17
Universidad UNIACC,2023,16.46,29.8286,10.42,5.4272,4.17,0.14,29.17,7.7313,70.83,0.0664,0.0,3.101,4.17,37.97,10.42,0.0,0.0,0.0,0.0,4.8223,35.42
Universidad de Antofagasta,2023,65.83,14.4031,95.83,28.9192,39.58,2.2216,64.58,1.5167,16.67,0.8642,54.17,24.198,100.0,65.3,89.58,5450889.8598,58.33,1426258.8863,83.33,6.7258,56.25
Universidad de Atacama,2023,51.46,22.8788,39.58,29.2937,41.67,0.3965,33.33,0.52,4.17,0.8964,58.33,16.882,83.33,65.16,87.5,5159731.3507,54.17,359253.5316,52.08,7.881,60.42
Universidad de Chile,2023,78.12,19.5871,72.92,57.8878,93.75,8.0372,100.0,13.8061,93.75,2.132,97.92,12.557,43.75,50.05,35.42,21136311.8609,100.0,3884488.1945,97.92,5.9924,45.83
Universidad de Concepcion,2023,82.29,19.4234,77.08,59.6191,97.92,6.7542,91.67,8.0737,77.08,1.4122,85.42,14.363,66.67,57.08,64.58,15948915.9801,93.75,4548695.9662,100.0,8.3986,68.75
Universidad de La Serena,2023,57.92,22.4222,50.0,35.7107,62.5,2.0453,62.5,2.2674,27.08,1.056,66.67,23.511,97.92,65.36,91.67,7178648.1617,64.58,194710.4943,39.58,4.0205,16.67
Universidad de Las Americas,2023,24.58,26.1657,22.92,17.6355,20.83,0.0,0.0,0.7913,10.42,0.2593,6.25,10.027,31.25,64.3,85.42,445435.7491,16.67,72980.3939,29.17,4.2705,22.92
Universidad de Los Lagos,2023,43.54,19.8278,70.83,30.1261,43.75,1.4382,52.08,0.7319,8.33,0.71,41.67,12.158,39.58,49.67,33.33,4224607.922,52.08,522803.6112,64.58,4.599,29.17
Universidad de Magallanes,2023,63.54,12.7981,97.92,32.7323,50.0,0.0,0.0,2.7435,33.33,0.8382,52.08,17.164,87.5,67.85,95.83,14810345.6275,91.67,1304141.625,79.17,6.1776,47.92
Universidad de Playa Ancha,2023,37.92,14.9494,91.67,34.6441,58.33,2.6116,68.75,4.3909,50.0,0.4701,20.83,7.772,18.75,38.38,12.5,451176.6118,18.75,141165.1774,31.25,2.9496,8.33
Universidad de Santiago de Chile,2023,66.46,19.1,83.33,41.2863,72.92,3.6556,83.33,4.8629,54.17,1.2354,77.08,13.41,47.92,52.28,43.75,8882138.9316,70.83,1235439.141,77.08,6.6643,54.17
Universidad de Talca,2023,74.79,19.3541,79.17,47.3036,79.17,3.9187,85.42,7.0462,66.67,1.406,83.33,15.641,70.83,54.28,52.08,12119408.9426,87.5,382188.2225,56.25,9.8131,87.5
Universidad de Tarapaca,2023,61.04,27.5307,20.83,53.64,83.33,0.6019,35.42,2.1739,25.0,1.6701,91.67,17.148,85.42,63.48,83.33,10373204.5197,81.25,165951.2262,33.33,8.4718,70.83
Universidad de Valparaiso,2023,69.38,18.4849,89.58,36.758,66.67,3.2216,79.17,6.2566,62.5,0.8679,56.25,16.247,79.17,60.44,75.0,8978346.3284,72.92,920040.6866,75.0,5.2592,37.5
Universidad de la Frontera,2023,77.08,20.3,66.67,54.5085,85.42,5.5498,89.58,5.2577,56.25,1.8998,93.75,16.014,77.08,57.69,70.83,18172110.155,95.83,2416111.9777,93.75,5.6117,41.67
Universidad de los Andes,2023,61.46,32.372,6.25,37.0212,68.75,1.876,60.42,8.6455,81.25,0.9128,60.42,15.093,68.75,48.92,31.25,12007804.3456,85.42,2108876.5335,87.5,8.1898,64.58
Universidad del Bio-Bio,2023,59.38,22.6061,45.83,58.3805,95.83,2.6469,70.83,3.1271,37.5,1.1206,70.83,11.353,33.33,48.74,29.17,8792839.7118,68.75,2281597.9754,91.67,6.219,50.0
Universidad del Desarrollo,2023,51.67,21.4593,60.42,20.7021,25.0,1.0433,43.75,5.721,58.33,0.6787,37.5,17.703,91.67,55.43,58.33,3704421.0888,43.75,369877.9043,54.17,5.8123,43.75
Pontificia Universidad Catolica de Chile,2024,79.58,23.6872,45.83,51.6901,81.25,7.9331,97.92,10.8063,89.58,1.9198,91.67,11.484,58.33,55.57,50.0,17690969.2162,95.83,3707189.9342,95.83,10.5049,89.58
Pontificia Universidad Catolica de Valparaiso,2024,75.83,26.9378,20.83,64.2874,100.0,9.5749,100.0,7.5823,81.25,1.7922,89.58,11.766,62.5,54.62,43.75,16789693.2384,93.75,2302662.2425,89.58,9.2093,77.08
Universidad Academia de Humanismo Cristiano,2024,22.71,22.3566,52.08,22.1846,22.92,2.4331,66.67,1.4692,16.67,0.5203,22.92,2.263,2.08,20.24,0.0,1611115.7456,27.08,0.0,0.0,3.9364,16.67
Universidad Adolfo Ibanez,2024,75.62,21.6238,58.33,57.2004,89.58,1.4491,50.0,14.1421,95.83,1.2493,75.0,12.456,68.75,58.14,68.75,10590433.9927,81.25,800386.7868,70.83,12.4948,97.92
Universidad Adventista de Chile,2024,32.92,13.7343,95.83,11.6715,8.33,0.0,0.0,5.0299,52.08,0.5816,33.33,5.786,18.75,43.85,20.83,463269.1014,18.75,366666.6667,56.25,4.5121,25.0
Universidad Alberto Hurtado,2024,50.21,26.4564,25.0,53.5712,83.33,5.0026,85.42,9.1919,85.42,1.3862,79.17,4.042,14.58,27.18,2.08,7707966.3093,64.58,0.0,0.0,8.0398,62.5
Universidad Andres Bello,2024,47.71,22.9537,47.92,23.0627,27.08,1.2151,39.58,9.4618,87.5,0.5229,25.0,14.244,87.5,62.25,79.17,138974.8795,12.5,7147.6818,29.17,5.845,41.67
Universidad Arturo Prat,2024,37.08,25.8354,27.08,25.7975,31.25,5.0509,87.5,0.3561,4.17,0.71,39.58,11.654,60.42,47.41,27.08,3964146.1158,39.58,129743.9727,35.42,4.0777,18.75
Universidad Austral de Chile,2024,68.75,21.042,62.5,56.1346,87.5,3.1073,70.83,3.5277,41.67,1.4659,85.42,10.881,45.83,57.86,66.67,11832037.7859,83.33,562935.5568,64.58,9.3794,79.17
Universidad Autonoma de Chile,2024,53.12,24.589,31.25,34.4303,58.33,0.2539,29.17,1.6822,18.75,0.7086,37.5,14.039,85.42,66.31,91.67,4062896.9433,43.75,538066.69,62.5,8.867,72.92
Universidad Bernardo O'Higgins,2024,58.75,24.0044,39.58,33.2837,54.17,0.5321,35.42,16.8348,97.92,1.3775,77.08,11.056,47.92,56.7,62.5,2396706.4833,35.42,354713.7017,52.08,9.9816,85.42
Universidad Catolica Cardenal Raul Silva Henriquez,2024,26.46,19.9934,72.92,31.094,45.83,0.4367,33.33,1.0649,12.5,0.5555,31.25,3.458,10.42,35.61,6.25,882926.0836,22.92,0.0,0.0,4.8837,29.17
Universidad Catolica de Temuco,2024,47.5,17.9575,87.5,34.2699,56.25,1.3684,47.92,2.2691,25.0,0.8216,50.0,7.193,25.0,43.71,18.75,4082052.7935,45.83,362672.206,54.17,8.1266,64.58
Universidad Catolica de la Santisima Concepcion,2024,45.62,28.3865,14.58,33.0091,52.08,1.2379,43.75,2.7473,31.25,1.1488,64.58,9.887,39.58,54.53,41.67,7364551.6493,62.5,1005856.9711,75.0,4.9922,31.25
Universidad Catolica del Maule,2024,59.79,20.2715,70.83,41.3258,68.75,1.786,60.42,3.8546,45.83,1.1972,66.67,9.514,33.33,56.07,56.25,6637203.072,58.33,297652.3586,45.83,10.5361,91.67
Universidad Catolica del Norte,2024,79.17,18.9134,81.25,46.9797,77.08,3.1781,72.92,3.093,37.5,1.4062,81.25,13.511,79.17,63.78,87.5,14195714.9435,89.58,1967823.2658,85.42,12.9876,100.0
Universidad Central de Chile,2024,28.54,25.1995,29.17,27.3504,35.42,0.0,0.0,11.4516,91.67,0.3569,18.75,9.798,37.5,42.91,16.67,2082631.4993,29.17,0.0,0.0,4.8663,27.08
Universidad Diego Portales,2024,59.17,21.4638,60.42,27.7244,39.58,1.9615,62.5,7.3699,77.08,0.7417,41.67,13.188,75.0,55.06,45.83,4415510.9663,52.08,329959.1121,50.0,10.4556,87.5
Universidad Finis Terrae,2024,34.38,19.5611,75.0,22.4926,25.0,0.0,0.0,7.7126,83.33,0.5508,27.08,8.185,31.25,43.9,22.92,1490350.2406,25.0,0.0,0.0,7.1843,54.17
Universidad Gabriela Mistral,2024,20.42,23.7317,43.75,13.4047,10.42,0.0,0.0,5.5218,58.33,0.2068,4.17,2.157,0.0,39.53,12.5,175112.2065,14.58,0.0,0.0,8.0308,60.42
Universidad Internacional SEK Chile,2024,32.29,24.4637,33.33,16.8004,14.58,6.1738,91.67,3.7539,43.75,0.2794,8.33,7.315,27.08,62.43,81.25,0.0,0.0,0.0,0.0,4.4914,22.92
Universidad La Republica,2024,22.08,45.8035,0.0,6.1999,2.08,0.0,0.0,0.1842,2.08,11.1261,100.0,3.683,12.5,97.19,100.0,0.0,0.0,0.0,0.0,1.7714,4.17
Universidad Mayor,2024,51.88,30.6604,10.42,26.6116,33.33,1.2917,45.83,6.2704,62.5,0.7665,43.75,16.246,95.83,59.3,72.92,6877378.4672,60.42,185234.3988,41.67,7.0276,52.08
Universidad Metropolitana de Ciencias de la Educacion,2024,33.75,12.6543,100.0,31.2712,47.92,1.1229,37.5,4.211,47.92,0.5537,29.17,5.468,16.67,43.92,25.0,2088849.4166,31.25,0.0,0.0,1.1699,2.08
Universidad Miguel de Cervantes,2024,22.5,36.5734,2.08,15.1694,12.5,0.0,0.0,42.7181,100.0,0.2577,6.25,3.2,6.25,30.48,4.17,0.0,0.0,0.0,0.0,10.6284,93.75
Universidad Pedro de Valdivia,2024,11.25,30.6762,8.33,7.5224,6.25,0.0,0.0,2.9988,35.42,0.1318,2.08,3.456,8.33,53.3,39.58,0.0,0.0,0.0,0.0,3.6471,12.5
Universidad San Sebastian,2024,39.79,22.0903,54.17,23.1513,29.17,0.119,27.08,6.3664,64.58,0.3341,14.58,11.122,50.0,55.82,52.08,2109000.5919,33.33,124334.8236,33.33,5.629,39.58
Universidad Santo Tomas,2024,32.29,22.0522,56.25,17.3533,16.67,0.0,0.0,1.7156,20.83,0.3181,12.5,11.967,64.58,57.11,64.58,2448094.0097,37.5,232558.3808,43.75,2.8702,6.25
Universidad Tecnica Federico Santa Maria,2024,72.29,28.5949,12.5,45.0913,75.0,3.6608,79.17,5.611,60.42,1.0952,62.5,15.188,93.75,68.14,97.92,12708771.2654,85.42,1540898.6287,81.25,9.1344,75.0
Universidad Tecnologica Metropolitana,2024,52.5,20.7051,68.75,42.4274,72.92,0.0,0.0,2.4135,27.08,0.7738,45.83,11.417,56.25,55.32,47.92,4222656.0331,50.0,535042.7782,60.42,11.8896,95.83
Universidad Tecnologica de Chile,2024,6.46,28.3306,16.67,3.8383,0.0,0.0,0.0,0.0,0.0,0.3452,16.67,6.024,20.83,38.82,10.42,0.0,0.0,0.0,0.0,0.8123,0.0
Universidad UNIACC,2024,12.29,32.2735,6.25,6.4653,4.17,0.0,0.0,7.4506,79.17,0.0735,0.0,2.277,4.17,38.55,8.33,0.0,0.0,0.0,0.0,4.4682,20.83
Universidad de Antofagasta,2024,63.12,13.1072,97.92,27.9751,41.67,1.5945,58.33,1.123,14.58,0.8515,52.08,19.906,100.0,63.48,85.42,5409676.4302,54.17,1726229.0256,83.33,5.9335,43.75
Universidad de Atacama,2024,54.58,23.7414,41.67,29.8496,43.75,0.401,31.25,0.5954,6.25,0.9642,60.42,13.779,81.25,64.19,89.58,6524217.0927,56.25,591503.3083,66.67,8.5714,68.75
Universidad de Chile,2024,78.12,19.1223,79.17,58.9682,91.67,7.8325,95.83,13.6006,93.75,2.0796,97.92,10.527,43.75,50.9,35.42,18446596.8742,97.92,3977410.0428,97.92,6.138,47.92
Universidad de Concepcion,2024,81.67,18.6235,83.33,61.1044,97.92,6.8199,93.75,7.3006,75.0,1.4541,83.33,11.969,66.67,55.94,54.17,14828454.3506,91.67,4862162.1335,100.0,8.5748,70.83
Universidad de La Serena,2024,55.0,22.6042,50.0,37.0042,64.58,2.5595,68.75,2.1949,22.92,1.2362,70.83,17.484,97.92,60.54,75.0,7724166.4452,66.67,0.0,0.0,5.0146,33.33
Universidad de Las Americas,2024,23.12,27.2509,18.75,17.5694,18.75,0.0,0.0,0.7064,8.33,0.3099,10.42,7.847,29.17,63.01,83.33,773916.257,20.83,69367.0001,31.25,3.6388,10.42
Universidad de Los Lagos,2024,40.83,19.2882,77.08,27.6603,37.5,1.2299,41.67,0.7843,10.42,0.6929,35.42,9.894,41.67,49.47,33.33,4215739.2812,47.92,664799.6212,68.75,3.8263,14.58
Universidad de Magallanes,2024,58.33,13.761,93.75,32.7347,50.0,0.0,0.0,2.5962,29.17,0.9328,58.33,12.929,72.92,66.85,93.75,8012611.6705,68.75,1530448.6305,79.17,5.4238,37.5
Universidad de Playa Ancha,2024,37.92,14.2482,91.67,35.5989,62.5,1.5154,54.17,4.583,50.0,0.4836,20.83,6.379,22.92,40.43,14.58,440305.5601,16.67,137763.8177,37.5,3.2133,8.33
Universidad de Santiago de Chile,2024,66.88,18.0672,85.42,41.7344,70.83,4.7627,83.33,5.0395,54.17,1.2441,72.92,11.347,54.17,52.13,37.5,8996667.3288,75.0,1159086.6848,77.08,7.2301,58.33
Universidad de Talca,2024,73.96,20.7297,66.67,47.6888,79.17,4.2784,81.25,7.0833,70.83,1.4858,87.5,13.274,77.08,56.19,58.33,13276370.0877,87.5,314591.0701,47.92,9.7394,83.33
Universidad de Tarapaca,2024,67.29,26.6103,22.92,55.6395,85.42,1.5055,52.08,2.8194,33.33,2.0621,95.83,14.446,89.58,67.46,95.83,9690271.7487,77.08,161416.5391,39.58,9.6128,81.25
Universidad de Valparaiso,2024,68.33,17.8261,89.58,37.0257,66.67,3.4734,77.08,6.4124,66.67,0.8745,54.17,12.914,70.83,60.59,77.08,8900549.1174,72.92,854995.9828,72.92,5.4049,35.42
Universidad de la Frontera,2024,81.46,20.73,64.58,59.1752,93.75,5.8421,89.58,6.5848,68.75,1.9346,93.75,13.824,83.33,59.23,70.83,19436791.489,100.0,3029590.4914,93.75,7.228,56.25
Universidad de los Andes,2024,56.67,35.9166,4.17,35.1803,60.42,2.1053,64.58,7.2011,72.92,0.9159,56.25,11.211,52.08,49.41,31.25,8384655.7912,70.83,2076847.3589,87.5,8.1643,66.67
Universidad del Bio-Bio,2024,60.21,24.0639,37.5,60.2788,95.83,3.3137,75.0,3.2705,39.58,1.2327,68.75,9.643,35.42,49.29,29.17,10301884.7375,79.17,2727029.7131,91.67,7.0002,50.0
Universidad del Desarrollo,2024,51.46,24.0755,35.42,21.15,20.83,1.5626,56.25,5.0934,56.25,0.7784,47.92,14.603,91.67,56.47,60.42,4049127.6293,41.67,419662.6999,58.33,6.0769,45.83
Pontificia Universidad Catolica de Chile,2025,80.43,23.5534,45.65,51.7968,82.61,8.4104,95.65,10.969,89.13,1.9016,91.3,8.431,58.7,56.42,60.87,22218384.0424,97.83,2942289.1018,91.3,10.3833,91.3
Pontificia Universidad Catolica de Valparaiso,2025,73.7,27.4571,17.39,62.1765,97.83,10.8011,100.0,7.185,78.26,1.673,89.13,8.502,63.04,54.9,43.48,16670241.957,86.96,2003768.1679,80.43,9.6353,80.43
Universidad Academia de Humanismo Cristiano,2025,21.52,20.2581,76.09,19.0687,13.04,2.2472,60.87,1.1885,10.87,0.4334,17.39,1.489,2.17,19.78,0.0,2116734.8839,23.91,0.0,0.0,4.069,10.87
Universidad Adolfo Ibanez,2025,75.65,24.641,30.43,60.5301,93.48,1.9308,56.52,15.1873,97.83,2.3075,100.0,5.801,26.09,76.34,100.0,12439484.524,76.09,1685198.6426,78.26,11.8764,97.83
Universidad Adventista de Chile,2025,33.04,13.1951,100.0,13.5025,6.52,0.0,0.0,3.9986,47.83,0.7001,30.43,3.894,15.22,44.43,19.57,802827.9073,17.39,711083.0733,58.7,5.5056,34.78
Universidad Alberto Hurtado,2025,54.57,29.6885,10.87,52.3824,84.78,6.5165,91.3,9.4754,86.96,1.5222,76.09,2.886,10.87,27.82,2.17,12554030.2629,78.26,39761.4314,26.09,9.2512,78.26
Universidad Andres Bello,2025,40.43,24.8251,28.26,22.968,21.74,1.3604,39.13,9.1469,82.61,0.5107,21.74,10.537,91.3,62.12,82.61,0.0,0.0,0.0,0.0,5.7329,36.96
Universidad Arturo Prat,2025,38.26,26.3952,23.91,25.5618,26.09,4.8387,84.78,0.4074,2.17,0.8903,50.0,8.445,60.87,53.93,39.13,4880137.491,45.65,128896.4516,34.78,4.3629,15.22
Universidad Austral de Chile,2025,67.61,23.1316,50.0,57.2375,86.96,4.2115,76.09,4.171,52.17,1.6106,84.78,7.657,45.65,55.9,52.17,16407822.7492,84.78,852818.6652,67.39,9.0331,76.09
Universidad Autonoma de Chile,2025,48.7,31.2908,4.35,34.1093,50.0,0.2987,23.91,3.3533,32.61,0.7422,36.96,9.824,78.26,66.13,93.48,3753399.2522,39.13,684763.9816,56.52,8.8072,71.74
Universidad Bernardo O'Higgins,2025,56.3,23.8992,43.48,31.996,41.3,0.6295,30.43,11.9101,91.3,1.5848,82.61,7.837,50.0,55.53,50.0,3125896.6472,34.78,786264.2996,65.22,8.9332,73.91
Universidad Catolica Cardenal Raul Silva Henriquez,2025,20.65,22.8582,52.17,33.1123,47.83,0.6538,32.61,0.3261,0.0,0.7194,34.78,2.203,8.7,35.44,6.52,0.0,0.0,0.0,0.0,4.9427,23.91
Universidad Catolica de Temuco,2025,47.39,16.9903,89.13,36.0,56.52,1.4873,45.65,2.3551,21.74,0.8449,43.48,5.428,23.91,46.58,23.91,4536573.4869,43.48,757932.249,60.87,8.2879,65.22
Universidad Catolica de la Santisima Concepcion,2025,43.7,27.0668,19.57,32.0749,43.48,1.7962,54.35,2.7691,28.26,1.146,67.39,7.191,41.3,52.95,36.96,6628879.8898,52.17,1207342.0312,71.74,4.8252,21.74
Universidad Catolica del Maule,2025,56.96,18.5299,80.43,41.07,67.39,1.5919,50.0,3.1859,30.43,1.1854,69.57,6.77,34.78,55.42,47.83,6365680.565,50.0,391300.6372,45.65,10.6234,93.48
Universidad Catolica del Norte,2025,77.39,21.0756,69.57,47.7495,76.09,3.3049,67.39,3.8122,43.48,1.6246,86.96,9.185,71.74,61.99,80.43,17174371.6212,89.13,2788067.1351,89.13,16.1541,100.0
Universidad Central de Chile,2025,29.35,26.1911,26.09,26.8543,30.43,0.0,0.0,12.0429,93.48,0.3888,15.22,5.906,28.26,43.67,15.22,2313565.3645,26.09,119032.8006,30.43,5.1844,28.26
Universidad Diego Portales,2025,58.7,23.9593,39.13,30.6642,39.13,2.2677,63.04,7.1393,73.91,0.8585,45.65,9.966,80.43,55.3,45.65,11288622.3322,73.91,359863.0048,41.3,9.8604,84.78
Universidad Finis Terrae,2025,32.61,22.5317,60.87,24.8778,23.91,0.0,0.0,7.1456,76.09,0.7112,32.61,6.492,32.61,45.04,21.74,2658990.3643,30.43,0.0,0.0,6.5197,47.83
Universidad Gabriela Mistral,2025,17.39,24.3152,34.78,16.7099,10.87,0.0,0.0,3.7124,41.3,0.2231,4.35,1.535,4.35,39.07,10.87,151129.2108,15.22,0.0,0.0,6.8842,52.17
Universidad Internacional SEK Chile,2025,31.74,20.7298,73.91,16.0338,8.7,4.4278,80.43,0.9046,6.52,0.2797,8.7,4.726,21.74,63.69,86.96,0.0,0.0,0.0,0.0,5.4618,30.43
Universidad Mayor,2025,49.78,31.2683,6.52,28.995,34.78,1.6283,52.17,4.8109,58.7,0.7979,41.3,11.083,95.65,58.96,67.39,5843956.5119,47.83,126565.4617,32.61,7.8158,60.87
Universidad Metropolitana de Ciencias de la Educacion,2025,33.7,14.7192,93.48,41.0542,65.22,1.3763,41.3,4.4647,54.35,0.6909,26.09,3.929,17.39,43.92,17.39,1660499.8165,21.74,0.0,0.0,1.0528,0.0
Universidad Miguel de Cervantes,2025,21.52,39.6585,0.0,12.5244,4.35,0.0,0.0,39.4219,100.0,0.261,6.52,1.86,6.52,35.51,8.7,0.0,0.0,0.0,0.0,10.3659,89.13
Universidad Pedro de Valdivia,2025,10.43,32.1383,2.17,6.8211,0.0,0.0,0.0,3.4316,34.78,0.1134,2.17,2.909,13.04,51.22,34.78,0.0,0.0,0.0,0.0,4.5117,17.39
Universidad San Sebastian,2025,39.78,23.8999,41.3,26.5005,28.26,0.376,26.09,6.4126,65.22,0.4394,19.57,7.751,47.83,56.32,58.7,3003488.9999,32.61,301106.5544,39.13,6.051,39.13
Universidad Santo Tomas,2025,33.48,22.6131,58.7,22.311,19.57,0.1041,19.57,2.0779,17.39,0.3537,13.04,8.621,65.22,57.33,65.22,2626101.866,28.26,362421.2953,43.48,3.1932,4.35
Universidad Tecnica Federico Santa Maria,2025,72.61,29.1697,13.04,47.415,73.91,4.3199,78.26,5.6799,63.04,1.1374,63.04,10.401,89.13,65.21,89.13,26585451.5808,100.0,2201175.6983,86.96,8.6538,69.57
Universidad Tecnologica Metropolitana,2025,59.13,21.2502,67.39,41.9733,69.57,0.2487,21.74,3.6859,39.13,1.0016,58.7,8.183,56.52,60.43,76.09,7375176.5466,58.7,397022.7438,47.83,11.488,95.65
Universidad UNIACC,2025,7.83,28.4705,15.22,8.7398,2.17,0.0,0.0,3.6704,36.96,0.0777,0.0,1.138,0.0,35.11,4.35,0.0,0.0,0.0,0.0,4.6673,19.57
Universidad de Antofagasta,2025,63.7,15.901,91.3,32.2564,45.65,1.5292,47.83,1.9371,15.22,0.9773,56.52,13.042,100.0,61.51,78.26,7469280.7888,60.87,2155572.3034,84.78,7.4077,56.52
Universidad de Atacama,2025,48.7,24.3832,32.61,29.7156,36.96,0.499,28.26,0.6139,4.35,1.0204,60.87,9.327,73.91,63.5,84.78,6867572.4052,54.35,654762.0259,52.17,7.6347,58.7
Universidad de Chile,2025,76.74,22.8365,56.52,59.4385,91.3,8.6371,97.83,12.1047,95.65,2.2724,97.83,7.014,36.96,56.29,56.52,21252892.6408,93.48,3955362.5724,97.83,6.2731,43.48
Universidad de Concepcion,2025,79.78,18.2025,84.78,61.4684,95.65,6.9951,93.48,6.9137,71.74,1.5465,78.26,9.117,69.57,54.65,41.3,21473408.5273,95.65,4969825.3518,100.0,8.6293,67.39
Universidad de La Serena,2025,58.91,22.8431,54.35,38.6653,60.87,3.3349,71.74,2.6923,26.09,1.3324,73.91,11.886,97.83,60.16,73.91,8397644.9702,67.39,465127.7072,50.0,4.3579,13.04
Universidad de Las Americas,2025,23.48,26.3953,21.74,19.9592,15.22,0.0,0.0,0.9936,8.7,0.3325,10.87,5.937,30.43,65.55,91.3,950060.3358,19.57,78635.0754,28.26,3.9081,8.7
Universidad de Los Lagos,2025,36.3,20.7942,71.74,27.2825,32.61,1.1562,34.78,1.273,13.04,0.7726,39.13,7.499,43.48,51.04,30.43,4071176.6073,41.3,680545.8451,54.35,2.8133,2.17
Universidad de Magallanes,2025,55.65,14.3431,97.83,34.9302,52.17,0.0,0.0,2.6222,23.91,0.902,52.17,9.392,76.09,66.43,95.65,6915922.3136,56.52,1586962.028,76.09,5.0775,26.09
Universidad de Playa Ancha,2025,30.87,14.3542,95.65,38.8522,63.04,1.2669,36.96,4.0747,50.0,0.5262,23.91,4.352,19.57,41.65,13.04,0.0,0.0,0.0,0.0,3.3214,6.52
Universidad de Santiago de Chile,2025,67.17,18.4175,82.61,43.1069,71.74,5.7476,89.13,5.4141,60.87,1.3014,71.74,8.084,54.35,51.15,32.61,13187548.2798,80.43,1537076.6105,73.91,6.914,54.35
Universidad de Talca,2025,75.87,21.8342,63.04,49.057,78.26,4.8313,82.61,7.2309,80.43,1.5695,80.43,10.02,82.61,56.66,63.04,15728212.6938,82.61,780439.9965,63.04,9.6989,82.61
Universidad de Tarapaca,2025,65.0,23.316,47.83,50.9951,80.43,2.006,58.7,2.2861,19.57,2.1089,95.65,11.01,93.48,70.79,97.83,8915619.9401,69.57,0.0,0.0,9.9278,86.96
Universidad de Valparaiso,2025,63.26,17.7529,86.96,37.5456,58.7,3.3288,69.57,6.4456,67.39,0.8746,47.83,8.671,67.39,59.51,69.57,7870446.266,63.04,1043369.3259,69.57,5.4956,32.61
Universidad de la Frontera,2025,80.22,20.0141,78.26,58.6605,89.13,4.9905,86.96,6.7078,69.57,1.994,93.48,10.032,84.78,59.67,71.74,21082480.0681,91.3,3842388.7033,95.65,6.1548,41.3
Universidad de los Andes,2025,55.87,29.8682,8.7,35.3603,54.35,2.3688,65.22,9.1721,84.78,0.9604,54.35,8.016,52.17,50.14,28.26,8128729.7144,65.22,2102024.5675,82.61,8.0954,63.04
Universidad del Bio-Bio,2025,60.22,24.0832,36.96,63.5684,100.0,3.9969,73.91,3.9167,45.65,1.1443,65.22,7.143,39.13,48.55,26.09,10666718.6794,71.74,3690871.1738,93.48,6.8407,50.0
Universidad del Desarrollo,2025,47.17,21.3829,65.22,20.4991,17.39,1.3941,43.48,4.5462,56.52,0.6996,28.26,10.112,86.96,56.08,54.35,3226800.4957,36.96,269582.404,36.96,6.3234,45.65
