fuente,universidad,anio_dato,ventana,variable,valor,unidad,definicion,url,fecha_descarga,metodo
scimago,Universidad de Chile,2024,2020-2024,scimago_posicion_nacional,1.0,posición,Posición entre las instituciones chilenas del ranking Scimago,https://www.scimagoir.com/getdata.php?ranking=Overall&area=&sector=&country=CHL&year=2026&top=0&format=csv&type=download,2026-09-25T04:49:07+00:00,selenium_cdp + requests
scimago,Universidad de Chile,2024,2020-2024,scimago_posicion_mundial,1113.0,posición,Posición mundial en el ranking Scimago,https://www.scimagoir.com/getdata.php?ranking=Overall&area=&sector=&country=CHL&year=2026&top=0&format=csv&type=download,2026-09-25T04:49:07+00:00,selenium_cdp + requests
scimago,Universidad de Chile,2024,2020-2024,scimago_mejor_cuartil,1.0,cuartil,Mejor cuartil alcanzado por la institución en el país,https://www.scimagoir.com/getdata.php?ranking=Overall&area=&sector=&country=CHL&year=2026&top=0&format=csv&type=download,2026-09-25T04:49:07+00:00,selenium_cdp + requests
scimago,Pontificia Universidad Catolica de Chile,2024,2020-2024,scimago_posicion_nacional,2.0,posición,Posición entre las instituciones chilenas del ranking Scimago,https://www.scimagoir.com/getdata.php?ranking=Overall&area=&sector=&country=CHL&year=2026&top=0&format=csv&type=download,2026-09-25T04:49:07+00:00,selenium_cdp + requests
scimago,Pontificia Universidad Catolica de Chile,2024,2020-2024,scimago_posicion_mundial,1171.0,posición,Posición mundial en el ranking Scimago,https://www.scimagoir.com/getdata.php?ranking=Overall&area=&sector=&country=CHL&year=2026&top=0&format=csv&type=download,2026-09-25T04:49:07+00:00,selenium_cdp + requests
scimago,Pontificia Universidad Catolica de Chile,2024,2020-2024,scimago_mejor_cuartil,1.0,cuartil,Mejor cuartil alcanzado por la institución en el país,https://www.scimagoir.com/getdata.php?ranking=Overall&area=&sector=&country=CHL&year=2026&top=0&format=csv&type=download,2026-09-25T04:49:07+00:00,selenium_cdp + requests
scimago,Universidad de Concepcion,2024,2020-2024,scimago_posicion_nacional,3.0,posición,Posición entre las instituciones chilenas del ranking Scimago,https://www.scimagoir.com/getdata.php?ranking=Overall&area=&sector=&country=CHL&year=2026&top=0&format=csv&type=download,2026-09-25T04:49:07+00:00,selenium_cdp + requests
scimago,Universidad de Concepcion,2024,2020-2024,scimago_posicion_mundial,3154.0,posición,Posición mundial en el ranking Scimago,https://www.scimagoir.com/getdata.php?ranking=Overall&area=&sector=&country=CHL&year=2026&top=0&format=csv&type=download,2026-09-25T04:49:07+00:00,selenium_cdp + requests
scimago,Universidad de Concepcion,2024,2020-2024,scimago_mejor_cuartil,1.0,cuartil,Mejor cuartil alcanzado por la institución en el país,https://www.scimagoir.com/getdata.php?ranking=Overall&area=&sector=&country=CHL&year=2026&top=0&format=csv&type=download,2026-09-25T04:49:07+00:00,selenium_cdp + requests
scimago,Pontificia Universidad Catolica de Valparaiso,2024,2020-2024,scimago_posicion_nacional,5.0,posición,Posición entre las instituciones chilenas del ranking Scimago,https://www.scimagoir.com/getdata.php?ranking=Overall&area=&sector=&country=CHL&year=2026&top=0&format=csv&type=download,2026-09-25T04:49:07+00:00,selenium_cdp + requests
scimago,Pontificia Universidad Catolica de Valparaiso,2024,2020-2024,scimago_posicion_mundial,3946.0,posición,Posición mundial en el ranking Scimago,https://www.scimagoir.com/getdata.php?ranking=Overall&area=&sector=&country=CHL&year=2026&top=0&format=csv&type=download,2026-09-25T04:49:07+00:00,selenium_cdp + requests
scimago,Pontificia Universidad Catolica de Valparaiso,2024,2020-2024,scimago_mejor_cuartil,1.0,cuartil,Mejor cuartil alcanzado por la institución en el país,https://www.scimagoir.com/getdata.php?ranking=Overall&area=&sector=&country=CHL&year=2026&top=0&format=csv&type=download,2026-09-25T04:49:07+00:00,selenium_cdp + requests
scimago,Universidad Andres Bello,2024,2020-2024,scimago_posicion_nacional,6.0,posición,Posición entre las instituciones chilenas del ranking Scimago,https://www.scimagoir.com/getdata.php?ranking=Overall&area=&sector=&country=CHL&year=2026&top=0&format=csv&type=download,2026-09-25T04:49:07+00:00,selenium_cdp + requests
scimago,Universidad Andres Bello,2024,2020-2024,scimago_posicion_mundial,3967.0,posición,Posición mundial en el ranking Scimago,https://www.scimagoir.com/getdata.php?ranking=Overall&area=&sector=&country=CHL&year=2026&top=0&format=csv&type=download,2026-09-25T04:49:07+00:00,selenium_cdp + requests
scimago,Universidad Andres Bello,2024,2020-2024,scimago_mejor_cuartil,1.0,cuartil,Mejor cuartil alcanzado por la institución en el país,https://www.scimagoir.com/getdata.php?ranking=Overall&area=&sector=&country=CHL&year=2026&top=0&format=csv&type=download,2026-09-25T04:49:07+00:00,selenium_cdp + requests
scimago,Universidad de Santiago de Chile,2024,2020-2024,scimago_posicion_nacional,10.0,posición,Posición entre las instituciones chilenas del ranking Scimago,https://www.scimagoir.com/getdata.php?ranking=Overall&area=&sector=&country=CHL&year=2026&top=0&format=csv&type=download,2026-09-25T04:49:07+00:00,selenium_cdp + requests
scimago,Universidad de Santiago de Chile,2024,2020-2024,scimago_posicion_mundial,4607.0,posición,Posición mundial en el ranking Scimago,https://www.scimagoir.com/getdata.php?ranking=Overall&area=&sector=&country=CHL&year=2026&top=0&format=csv&type=download,2026-09-25T04:49:07+00:00,selenium_cdp + requests
scimago,Universidad de Santiago de Chile,2024,2020-2024,scimago_mejor_cuartil,1.0,cuartil,Mejor cuartil alcanzado por la institución en el país,https://www.scimagoir.com/getdata.php?ranking=Overall&area=&sector=&country=CHL&year=2026&top=0&format=csv&type=download,2026-09-25T04:49:07+00:00,selenium_cdp + requests
scimago,Universidad de Talca,2024,2020-2024,scimago_posicion_nacional,11.0,posición,Posición entre las instituciones chilenas del ranking Scimago,https://www.scimagoir.com/getdata.php?ranking=Overall&area=&sector=&country=CHL&year=2026&top=0&format=csv&type=download,2026-09-25T04:49:07+00:00,selenium_cdp + requests
scimago,Universidad de Talca,2024,2020-2024,scimago_posicion_mundial,4853.0,posición,Posición mundial en el ranking Scimago,https://www.scimagoir.com/getdata.php?ranking=Overall&area=&sector=&country=CHL&year=2026&top=0&format=csv&type=download,2026-09-25T04:49:07+00:00,selenium_cdp + requests
scimago,Universidad de Talca,2024,2020-2024,scimago_mejor_cuartil,1.0,cuartil,Mejor cuartil alcanzado por la institución en el país,https://www.scimagoir.com/getdata.php?ranking=Overall&area=&sector=&country=CHL&year=2026&top=0&format=csv&type=download,2026-09-25T04:49:07+00:00,selenium_cdp + requests
scimago,Universidad Tecnica Federico Santa Maria,2024,2020-2024,scimago_posicion_nacional,13.0,posición,Posición entre las instituciones chilenas del ranking Scimago,https://www.scimagoir.com/getdata.php?ranking=Overall&area=&sector=&country=CHL&year=2026&top=0&format=csv&type=download,2026-09-25T04:49:07+00:00,selenium_cdp + requests
scimago,Universidad Tecnica Federico Santa Maria,2024,2020-2024,scimago_posicion_mundial,5134.0,posición,Posición mundial en el ranking Scimago,https://www.scimagoir.com/getdata.php?ranking=Overall&area=&sector=&country=CHL&year=2026&top=0&format=csv&type=download,2026-09-25T04:49:07+00:00,selenium_cdp + requests
scimago,Universidad Tecnica Federico Santa Maria,2024,2020-2024,scimago_mejor_cuartil,1.0,cuartil,Mejor cuartil alcanzado por la institución en el país,https://www.scimagoir.com/getdata.php?ranking=Overall&area=&sector=&country=CHL&year=2026&top=0&format=csv&type=download,2026-09-25T04:49:07+00:00,selenium_cdp + requests
scimago,Universidad Austral de Chile,2024,2020-2024,scimago_posicion_nacional,14.0,posición,Posición entre las instituciones chilenas del ranking Scimago,https://www.scimagoir.com/getdata.php?ranking=Overall&area=&sector=&country=CHL&year=2026&top=0&format=csv&type=download,2026-09-25T04:49:07+00:00,selenium_cdp + requests
scimago,Universidad Austral de Chile,2024,2020-2024,scimago_posicion_mundial,5319.0,posición,Posición mundial en el ranking Scimago,https://www.scimagoir.com/getdata.php?ranking=Overall&area=&sector=&country=CHL&year=2026&top=0&format=csv&type=download,2026-09-25T04:49:07+00:00,selenium_cdp + requests
scimago,Universidad Austral de Chile,2024,2020-2024,scimago_mejor_cuartil,1.0,cuartil,Mejor cuartil alcanzado por la institución en el país,https://www.scimagoir.com/getdata.php?ranking=Overall&area=&sector=&country=CHL&year=2026&top=0&format=csv&type=download,2026-09-25T04:49:07+00:00,selenium_cdp + requests
scimago,Universidad de la Frontera,2024,2020-2024,scimago_posicion_nacional,15.0,posición,Posición entre las instituciones chilenas del ranking Scimago,https://www.scimagoir.com/getdata.php?ranking=Overall&area=&sector=&country=CHL&year=2026&top=0&format=csv&type=download,2026-09-25T04:49:07+00:00,selenium_cdp + requests
scimago,Universidad de la Frontera,2024,2020-2024,scimago_posicion_mundial,5479.0,posición,Posición mundial en el ranking Scimago,https://www.scimagoir.com/getdata.php?ranking=Overall&area=&sector=&country=CHL&year=2026&top=0&format=csv&type=download,2026-09-25T04:49:07+00:00,selenium_cdp + requests
scimago,Universidad de la Frontera,2024,2020-2024,scimago_mejor_cuartil,2.0,cuartil,Mejor cuartil alcanzado por la institución en el país,https://www.scimagoir.com/getdata.php?ranking=Overall&area=&sector=&country=CHL&year=2026&top=0&format=csv&type=download,2026-09-25T04:49:07+00:00,selenium_cdp + requests
scimago,Universidad del Desarrollo,2024,2020-2024,scimago_posicion_nacional,16.0,posición,Posición entre las instituciones chilenas del ranking Scimago,https://www.scimagoir.com/getdata.php?ranking=Overall&area=&sector=&country=CHL&year=2026&top=0&format=csv&type=download,2026-09-25T04:49:07+00:00,selenium_cdp + requests
scimago,Universidad del Desarrollo,2024,2020-2024,scimago_posicion_mundial,5542.0,posición,Posición mundial en el ranking Scimago,https://www.scimagoir.com/getdata.php?ranking=Overall&area=&sector=&country=CHL&year=2026&top=0&format=csv&type=download,2026-09-25T04:49:07+00:00,selenium_cdp + requests
scimago,Universidad del Desarrollo,2024,2020-2024,scimago_mejor_cuartil,1.0,cuartil,Mejor cuartil alcanzado por la institución en el país,https://www.scimagoir.com/getdata.php?ranking=Overall&area=&sector=&country=CHL&year=2026&top=0&format=csv&type=download,2026-09-25T04:49:07+00:00,selenium_cdp + requests
scimago,Universidad San Sebastian,2024,2020-2024,scimago_posicion_nacional,17.0,posición,Posición entre las instituciones chilenas del ranking Scimago,https://www.scimagoir.com/getdata.php?ranking=Overall&area=&sector=&country=CHL&year=2026&top=0&format=csv&type=download,2026-09-25T04:49:07+00:00,selenium_cdp + requests
scimago,Universidad San Sebastian,2024,2020-2024,scimago_posicion_mundial,5589.0,posición,Posición mundial en el ranking Scimago,https://www.scimagoir.com/getdata.php?ranking=Overall&area=&sector=&country=CHL&year=2026&top=0&format=csv&type=download,2026-09-25T04:49:07+00:00,selenium_cdp + requests
scimago,Universidad San Sebastian,2024,2020-2024,scimago_mejor_cuartil,1.0,cuartil,Mejor cuartil alcanzado por la institución en el país,https://www.scimagoir.com/getdata.php?ranking=Overall&area=&sector=&country=CHL&year=2026&top=0&format=csv&type=download,2026-09-25T04:49:07+00:00,selenium_cdp + requests
scimago,Universidad Autonoma de Chile,2024,2020-2024,scimago_posicion_nacional,18.0,posición,Posición entre las instituciones chilenas del ranking Scimago,https://www.scimagoir.com/getdata.php?ranking=Overall&area=&sector=&country=CHL&year=2026&top=0&format=csv&type=download,2026-09-25T04:49:07+00:00,selenium_cdp + requests
scimago,Universidad Autonoma de Chile,2024,2020-2024,scimago_posicion_mundial,5636.0,posición,Posición mundial en el ranking Scimago,https://www.scimagoir.com/getdata.php?ranking=Overall&area=&sector=&country=CHL&year=2026&top=0&format=csv&type=download,2026-09-25T04:49:07+00:00,selenium_cdp + requests
scimago,Universidad Autonoma de Chile,2024,2020-2024,scimago_mejor_cuartil,1.0,cuartil,Mejor cuartil alcanzado por la institución en el país,https://www.scimagoir.com/getdata.php?ranking=Overall&area=&sector=&country=CHL&year=2026&top=0&format=csv&type=download,2026-09-25T04:49:07+00:00,selenium_cdp + requests
scimago,Universidad Mayor,2024,2020-2024,scimago_posicion_nacional,19.0,posición,Posición entre las instituciones chilenas del ranking Scimago,https://www.scimagoir.com/getdata.php?ranking=Overall&area=&sector=&country=CHL&year=2026&top=0&format=csv&type=download,2026-09-25T04:49:07+00:00,selenium_cdp + requests
scimago,Universidad Mayor,2024,2020-2024,scimago_posicion_mundial,5672.0,posición,Posición mundial en el ranking Scimago,https://www.scimagoir.com/getdata.php?ranking=Overall&area=&sector=&country=CHL&year=2026&top=0&format=csv&type=download,2026-09-25T04:49:07+00:00,selenium_cdp + requests
scimago,Universidad Mayor,2024,2020-2024,scimago_mejor_cuartil,1.0,cuartil,Mejor cuartil alcanzado por la institución en el país,https://www.scimagoir.com/getdata.php?ranking=Overall&area=&sector=&country=CHL&year=2026&top=0&format=csv&type=download,2026-09-25T04:49:07+00:00,selenium_cdp + requests
scimago,Universidad de los Andes,2024,2020-2024,scimago_posicion_nacional,21.0,posición,Posición entre las instituciones chilenas del ranking Scimago,https://www.scimagoir.com/getdata.php?ranking=Overall&area=&sector=&country=CHL&year=2026&top=0&format=csv&type=download,2026-09-25T04:49:07+00:00,selenium_cdp + requests
scimago,Universidad de los Andes,2024,2020-2024,scimago_posicion_mundial,5866.0,posición,Posición mundial en el ranking Scimago,https://www.scimagoir.com/getdata.php?ranking=Overall&area=&sector=&country=CHL&year=2026&top=0&format=csv&type=download,2026-09-25T04:49:07+00:00,selenium_cdp + requests
scimago,Universidad de los Andes,2024,2020-2024,scimago_mejor_cuartil,1.0,cuartil,Mejor cuartil alcanzado por la institución en el país,https://www.scimagoir.com/getdata.php?ranking=Overall&area=&sector=&country=CHL&year=2026&top=0&format=csv&type=download,2026-09-25T04:49:07+00:00,selenium_cdp + requests
scimago,Universidad de Tarapaca,2024,2020-2024,scimago_posicion_nacional,23.0,posición,Posición entre las instituciones chilenas del ranking Scimago,https://www.scimagoir.com/getdata.php?ranking=Overall&area=&sector=&country=CHL&year=2026&top=0&format=csv&type=download,2026-09-25T04:49:07+00:00,selenium_cdp + requests
scimago,Universidad de Tarapaca,2024,2020-2024,scimago_posicion_mundial,5906.0,posición,Posición mundial en el ranking Scimago,https://www.scimagoir.com/getdata.php?ranking=Overall&area=&sector=&country=CHL&year=2026&top=0&format=csv&type=download,2026-09-25T04:49:07+00:00,selenium_cdp + requests
scimago,Universidad de Tarapaca,2024,2020-2024,scimago_mejor_cuartil,1.0,cuartil,Mejor cuartil alcanzado por la institución en el país,https://www.scimagoir.com/getdata.php?ranking=Overall&area=&sector=&country=CHL&year=2026&top=0&format=csv&type=download,2026-09-25T04:49:07+00:00,selenium_cdp + requests
scimago,Universidad de Valparaiso,2024,2020-2024,scimago_posicion_nacional,25.0,posición,Posición entre las instituciones chilenas del ranking Scimago,https://www.scimagoir.com/getdata.php?ranking=Overall&area=&sector=&country=CHL&year=2026&top=0&format=csv&type=download,2026-09-25T04:49:07+00:00,selenium_cdp + requests
scimago,Universidad de Valparaiso,2024,2020-2024,scimago_posicion_mundial,6316.0,posición,Posición mundial en el ranking Scimago,https://www.scimagoir.com/getdata.php?ranking=Overall&area=&sector=&country=CHL&year=2026&top=0&format=csv&type=download,2026-09-25T04:49:07+00:00,selenium_cdp + requests
scimago,Universidad de Valparaiso,2024,2020-2024,scimago_mejor_cuartil,2.0,cuartil,Mejor cuartil alcanzado por la institución en el país,https://www.scimagoir.com/getdata.php?ranking=Overall&area=&sector=&country=CHL&year=2026&top=0&format=csv&type=download,2026-09-25T04:49:07+00:00,selenium_cdp + requests
scimago,Universidad Diego Portales,2024,2020-2024,scimago_posicion_nacional,26.0,posición,Posición entre las instituciones chilenas del ranking Scimago,https://www.scimagoir.com/getdata.php?ranking=Overall&area=&sector=&country=CHL&year=2026&top=0&format=csv&type=download,2026-09-25T04:49:07+00:00,selenium_cdp + requests
scimago,Universidad Diego Portales,2024,2020-2024,scimago_posicion_mundial,6549.0,posición,Posición mundial en el ranking Scimago,https://www.scimagoir.com/getdata.php?ranking=Overall&area=&sector=&country=CHL&year=2026&top=0&format=csv&type=download,2026-09-25T04:49:07+00:00,selenium_cdp + requests
scimago,Universidad Diego Portales,2024,2020-2024,scimago_mejor_cuartil,1.0,cuartil,Mejor cuartil alcanzado por la institución en el país,https://www.scimagoir.com/getdata.php?ranking=Overall&area=&sector=&country=CHL&year=2026&top=0&format=csv&type=download,2026-09-25T04:49:07+00:00,selenium_cdp + requests
scimago,Universidad de La Serena,2024,2020-2024,scimago_posicion_nacional,27.0,posición,Posición entre las instituciones chilenas del ranking Scimago,https://www.scimagoir.com/getdata.php?ranking=Overall&area=&sector=&country=CHL&year=2026&top=0&format=csv&type=download,2026-09-25T04:49:07+00:00,selenium_cdp + requests
scimago,Universidad de La Serena,2024,2020-2024,scimago_posicion_mundial,6593.0,posición,Posición mundial en el ranking Scimago,https://www.scimagoir.com/getdata.php?ranking=Overall&area=&sector=&country=CHL&year=2026&top=0&format=csv&type=download,2026-09-25T04:49:07+00:00,selenium_cdp + requests
scimago,Universidad de La Serena,2024,2020-2024,scimago_mejor_cuartil,2.0,cuartil,Mejor cuartil alcanzado por la institución en el país,https://www.scimagoir.com/getdata.php?ranking=Overall&area=&sector=&country=CHL&year=2026&top=0&format=csv&type=download,2026-09-25T04:49:07+00:00,selenium_cdp + requests
scimago,Universidad Adolfo Ibanez,2024,2020-2024,scimago_posicion_nacional,28.0,posición,Posición entre las instituciones chilenas del ranking Scimago,https://www.scimagoir.com/getdata.php?ranking=Overall&area=&sector=&country=CHL&year=2026&top=0&format=csv&type=download,2026-09-25T04:49:07+00:00,selenium_cdp + requests
scimago,Universidad Adolfo Ibanez,2024,2020-2024,scimago_posicion_mundial,6638.0,posición,Posición mundial en el ranking Scimago,https://www.scimagoir.com/getdata.php?ranking=Overall&area=&sector=&country=CHL&year=2026&top=0&format=csv&type=download,2026-09-25T04:49:07+00:00,selenium_cdp + requests
scimago,Universidad Adolfo Ibanez,2024,2020-2024,scimago_mejor_cuartil,2.0,cuartil,Mejor cuartil alcanzado por la institución en el país,https://www.scimagoir.com/getdata.php?ranking=Overall&area=&sector=&country=CHL&year=2026&top=0&format=csv&type=download,2026-09-25T04:49:07+00:00,selenium_cdp + requests
scimago,Universidad de Antofagasta,2024,2020-2024,scimago_posicion_nacional,29.0,posición,Posición entre las instituciones chilenas del ranking Scimago,https://www.scimagoir.com/getdata.php?ranking=Overall&area=&sector=&country=CHL&year=2026&top=0&format=csv&type=download,2026-09-25T04:49:07+00:00,selenium_cdp + requests
scimago,Universidad de Antofagasta,2024,2020-2024,scimago_posicion_mundial,6741.0,posición,Posición mundial en el ranking Scimago,https://www.scimagoir.com/getdata.php?ranking=Overall&area=&sector=&country=CHL&year=2026&top=0&format=csv&type=download,2026-09-25T04:49:07+00:00,selenium_cdp + requests
scimago,Universidad de Antofagasta,2024,2020-2024,scimago_mejor_cuartil,2.0,cuartil,Mejor cuartil alcanzado por la institución en el país,https://www.scimagoir.com/getdata.php?ranking=Overall&area=&sector=&country=CHL&year=2026&top=0&format=csv&type=download,2026-09-25T04:49:07+00:00,selenium_cdp + requests
scimago,Universidad del Bio-Bio,2024,2020-2024,scimago_posicion_nacional,30.0,posición,Posición entre las instituciones chilenas del ranking Scimago,https://www.scimagoir.com/getdata.php?ranking=Overall&area=&sector=&country=CHL&year=2026&top=0&format=csv&type=download,2026-09-25T04:49:07+00:00,selenium_cdp + requests
scimago,Universidad del Bio-Bio,2024,2020-2024,scimago_posicion_mundial,7072.0,posición,Posición mundial en el ranking Scimago,https://www.scimagoir.com/getdata.php?ranking=Overall&area=&sector=&country=CHL&year=2026&top=0&format=csv&type=download,2026-09-25T04:49:07+00:00,selenium_cdp + requests
scimago,Universidad del Bio-Bio,2024,2020-2024,scimago_mejor_cuartil,2.0,cuartil,Mejor cuartil alcanzado por la institución en el país,https://www.scimagoir.com/getdata.php?ranking=Overall&area=&sector=&country=CHL&year=2026&top=0&format=csv&type=download,2026-09-25T04:49:07+00:00,selenium_cdp + requests
scimago,Universidad Catolica del Norte,2024,2020-2024,scimago_posicion_nacional,31.0,posición,Posición entre las instituciones chilenas del ranking Scimago,https://www.scimagoir.com/getdata.php?ranking=Overall&area=&sector=&country=CHL&year=2026&top=0&format=csv&type=download,2026-09-25T04:49:07+00:00,selenium_cdp + requests
scimago,Universidad Catolica del Norte,2024,2020-2024,scimago_posicion_mundial,7244.0,posición,Posición mundial en el ranking Scimago,https://www.scimagoir.com/getdata.php?ranking=Overall&area=&sector=&country=CHL&year=2026&top=0&format=csv&type=download,2026-09-25T04:49:07+00:00,selenium_cdp + requests
scimago,Universidad Catolica del Norte,2024,2020-2024,scimago_mejor_cuartil,2.0,cuartil,Mejor cuartil alcanzado por la institución en el país,https://www.scimagoir.com/getdata.php?ranking=Overall&area=&sector=&country=CHL&year=2026&top=0&format=csv&type=download,2026-09-25T04:49:07+00:00,selenium_cdp + requests
scimago,Universidad Catolica del Maule,2024,2020-2024,scimago_posicion_nacional,32.0,posición,Posición entre las instituciones chilenas del ranking Scimago,https://www.scimagoir.com/getdata.php?ranking=Overall&area=&sector=&country=CHL&year=2026&top=0&format=csv&type=download,2026-09-25T04:49:07+00:00,selenium_cdp + requests
scimago,Universidad Catolica del Maule,2024,2020-2024,scimago_posicion_mundial,7258.0,posición,Posición mundial en el ranking Scimago,https://www.scimagoir.com/getdata.php?ranking=Overall&area=&sector=&country=CHL&year=2026&top=0&format=csv&type=download,2026-09-25T04:49:07+00:00,selenium_cdp + requests
scimago,Universidad Catolica del Maule,2024,2020-2024,scimago_mejor_cuartil,2.0,cuartil,Mejor cuartil alcanzado por la institución en el país,https://www.scimagoir.com/getdata.php?ranking=Overall&area=&sector=&country=CHL&year=2026&top=0&format=csv&type=download,2026-09-25T04:49:07+00:00,selenium_cdp + requests
scimago,Universidad Tecnologica Metropolitana,2024,2020-2024,scimago_posicion_nacional,33.0,posición,Posición entre las instituciones chilenas del ranking Scimago,https://www.scimagoir.com/getdata.php?ranking=Overall&area=&sector=&country=CHL&year=2026&top=0&format=csv&type=download,2026-09-25T04:49:07+00:00,selenium_cdp + requests
scimago,Universidad Tecnologica Metropolitana,2024,2020-2024,scimago_posicion_mundial,7683.0,posición,Posición mundial en el ranking Scimago,https://www.scimagoir.com/getdata.php?ranking=Overall&area=&sector=&country=CHL&year=2026&top=0&format=csv&type=download,2026-09-25T04:49:07+00:00,selenium_cdp + requests
scimago,Universidad Tecnologica Metropolitana,2024,2020-2024,scimago_mejor_cuartil,2.0,cuartil,Mejor cuartil alcanzado por la institución en el país,https://www.scimagoir.com/getdata.php?ranking=Overall&area=&sector=&country=CHL&year=2026&top=0&format=csv&type=download,2026-09-25T04:49:07+00:00,selenium_cdp + requests
scimago,Universidad Santo Tomas,2024,2020-2024,scimago_posicion_nacional,34.0,posición,Posición entre las instituciones chilenas del ranking Scimago,https://www.scimagoir.com/getdata.php?ranking=Overall&area=&sector=&country=CHL&year=2026&top=0&format=csv&type=download,2026-09-25T04:49:07+00:00,selenium_cdp + requests
scimago,Universidad Santo Tomas,2024,2020-2024,scimago_posicion_mundial,7744.0,posición,Posición mundial en el ranking Scimago,https://www.scimagoir.com/getdata.php?ranking=Overall&area=&sector=&country=CHL&year=2026&top=0&format=csv&type=download,2026-09-25T04:49:07+00:00,selenium_cdp + requests
scimago,Universidad Santo Tomas,2024,2020-2024,scimago_mejor_cuartil,3.0,cuartil,Mejor cuartil alcanzado por la institución en el país,https://www.scimagoir.com/getdata.php?ranking=Overall&area=&sector=&country=CHL&year=2026&top=0&format=csv&type=download,2026-09-25T04:49:07+00:00,selenium_cdp + requests
scimago,Universidad de Las Americas,2024,2020-2024,scimago_posicion_nacional,35.0,posición,Posición entre las instituciones chilenas del ranking Scimago,https://www.scimagoir.com/getdata.php?ranking=Overall&area=&sector=&country=CHL&year=2026&top=0&format=csv&type=download,2026-09-25T04:49:07+00:00,selenium_cdp + requests
scimago,Universidad de Las Americas,2024,2020-2024,scimago_posicion_mundial,7764.0,posición,Posición mundial en el ranking Scimago,https://www.scimagoir.com/getdata.php?ranking=Overall&area=&sector=&country=CHL&year=2026&top=0&format=csv&type=download,2026-09-25T04:49:07+00:00,selenium_cdp + requests
scimago,Universidad de Las Americas,2024,2020-2024,scimago_mejor_cuartil,3.0,cuartil,Mejor cuartil alcanzado por la institución en el país,https://www.scimagoir.com/getdata.php?ranking=Overall&area=&sector=&country=CHL&year=2026&top=0&format=csv&type=download,2026-09-25T04:49:07+00:00,selenium_cdp + requests
scimago,Universidad Central de Chile,2024,2020-2024,scimago_posicion_nacional,38.0,posición,Posición entre las instituciones chilenas del ranking Scimago,https://www.scimagoir.com/getdata.php?ranking=Overall&area=&sector=&country=CHL&year=2026&top=0&format=csv&type=download,2026-09-25T04:49:07+00:00,selenium_cdp + requests
scimago,Universidad Central de Chile,2024,2020-2024,scimago_posicion_mundial,7931.0,posición,Posición mundial en el ranking Scimago,https://www.scimagoir.com/getdata.php?ranking=Overall&area=&sector=&country=CHL&year=2026&top=0&format=csv&type=download,2026-09-25T04:49:07+00:00,selenium_cdp + requests
scimago,Universidad Central de Chile,2024,2020-2024,scimago_mejor_cuartil,2.0,cuartil,Mejor cuartil alcanzado por la institución en el país,https://www.scimagoir.com/getdata.php?ranking=Overall&area=&sector=&country=CHL&year=2026&top=0&format=csv&type=download,2026-09-25T04:49:07+00:00,selenium_cdp + requests
scimago,Universidad de Playa Ancha,2024,2020-2024,scimago_posicion_nacional,39.0,posición,Posición entre las instituciones chilenas del ranking Scimago,https://www.scimagoir.com/getdata.php?ranking=Overall&area=&sector=&country=CHL&year=2026&top=0&format=csv&type=download,2026-09-25T04:49:07+00:00,selenium_cdp + requests
scimago,Universidad de Playa Ancha,2024,2020-2024,scimago_posicion_mundial,8080.0,posición,Posición mundial en el ranking Scimago,https://www.scimagoir.com/getdata.php?ranking=Overall&area=&sector=&country=CHL&year=2026&top=0&format=csv&type=download,2026-09-25T04:49:07+00:00,selenium_cdp + requests
scimago,Universidad de Playa Ancha,2024,2020-2024,scimago_mejor_cuartil,3.0,cuartil,Mejor cuartil alcanzado por la institución en el país,https://www.scimagoir.com/getdata.php?ranking=Overall&area=&sector=&country=CHL&year=2026&top=0&format=csv&type=download,2026-09-25T04:49:07+00:00,selenium_cdp + requests
scimago,Universidad Catolica de Temuco,2024,2020-2024,scimago_posicion_nacional,40.0,posición,Posición entre las instituciones chilenas del ranking Scimago,https://www.scimagoir.com/getdata.php?ranking=Overall&area=&sector=&country=CHL&year=2026&top=0&format=csv&type=download,2026-09-25T04:49:07+00:00,selenium_cdp + requests
scimago,Universidad Catolica de Temuco,2024,2020-2024,scimago_posicion_mundial,8168.0,posición,Posición mundial en el ranking Scimago,https://www.scimagoir.com/getdata.php?ranking=Overall&area=&sector=&country=CHL&year=2026&top=0&format=csv&type=download,2026-09-25T04:49:07+00:00,selenium_cdp + requests
scimago,Universidad Catolica de Temuco,2024,2020-2024,scimago_mejor_cuartil,3.0,cuartil,Mejor cuartil alcanzado por la institución en el país,https://www.scimagoir.com/getdata.php?ranking=Overall&area=&sector=&country=CHL&year=2026&top=0&format=csv&type=download,2026-09-25T04:49:07+00:00,selenium_cdp + requests
scimago,Universidad Arturo Prat,2024,2020-2024,scimago_posicion_nacional,41.0,posición,Posición entre las instituciones chilenas del ranking Scimago,https://www.scimagoir.com/getdata.php?ranking=Overall&area=&sector=&country=CHL&year=2026&top=0&format=csv&type=download,2026-09-25T04:49:07+00:00,selenium_cdp + requests
scimago,Universidad Arturo Prat,2024,2020-2024,scimago_posicion_mundial,8180.0,posición,Posición mundial en el ranking Scimago,https://www.scimagoir.com/getdata.php?ranking=Overall&area=&sector=&country=CHL&year=2026&top=0&format=csv&type=download,2026-09-25T04:49:07+00:00,selenium_cdp + requests
scimago,Universidad Arturo Prat,2024,2020-2024,scimago_mejor_cuartil,3.0,cuartil,Mejor cuartil alcanzado por la institución en el país,https://www.scimagoir.com/getdata.php?ranking=Overall&area=&sector=&country=CHL&year=2026&top=0&format=csv&type=download,2026-09-25T04:49:07+00:00,selenium_cdp + requests
scimago,Universidad Catolica de la Santisima Concepcion,2024,2020-2024,scimago_posicion_nacional,42.0,posición,Posición entre las instituciones chilenas del ranking Scimago,https://www.scimagoir.com/getdata.php?ranking=Overall&area=&sector=&country=CHL&year=2026&top=0&format=csv&type=download,2026-09-25T04:49:07+00:00,selenium_cdp + requests
scimago,Universidad Catolica de la Santisima Concepcion,2024,2020-2024,scimago_posicion_mundial,8186.0,posición,Posición mundial en el ranking Scimago,https://www.scimagoir.com/getdata.php?ranking=Overall&area=&sector=&country=CHL&year=2026&top=0&format=csv&type=download,2026-09-25T04:49:07+00:00,selenium_cdp + requests
scimago,Universidad Catolica de la Santisima Concepcion,2024,2020-2024,scimago_mejor_cuartil,3.0,cuartil,Mejor cuartil alcanzado por la institución en el país,https://www.scimagoir.com/getdata.php?ranking=Overall&area=&sector=&country=CHL&year=2026&top=0&format=csv&type=download,2026-09-25T04:49:07+00:00,selenium_cdp + requests
scimago,Universidad de Los Lagos,2024,2020-2024,scimago_posicion_nacional,43.0,posición,Posición entre las instituciones chilenas del ranking Scimago,https://www.scimagoir.com/getdata.php?ranking=Overall&area=&sector=&country=CHL&year=2026&top=0&format=csv&type=download,2026-09-25T04:49:07+00:00,selenium_cdp + requests
scimago,Universidad de Los Lagos,2024,2020-2024,scimago_posicion_mundial,8220.0,posición,Posición mundial en el ranking Scimago,https://www.scimagoir.com/getdata.php?ranking=Overall&area=&sector=&country=CHL&year=2026&top=0&format=csv&type=download,2026-09-25T04:49:07+00:00,selenium_cdp + requests
scimago,Universidad de Los Lagos,2024,2020-2024,scimago_mejor_cuartil,2.0,cuartil,Mejor cuartil alcanzado por la institución en el país,https://www.scimagoir.com/getdata.php?ranking=Overall&area=&sector=&country=CHL&year=2026&top=0&format=csv&type=download,2026-09-25T04:49:07+00:00,selenium_cdp + requests
scimago,Universidad Finis Terrae,2024,2020-2024,scimago_posicion_nacional,45.0,posición,Posición entre las instituciones chilenas del ranking Scimago,https://www.scimagoir.com/getdata.php?ranking=Overall&area=&sector=&country=CHL&year=2026&top=0&format=csv&type=download,2026-09-25T04:49:07+00:00,selenium_cdp + requests
scimago,Universidad Finis Terrae,2024,2020-2024,scimago_posicion_mundial,8644.0,posición,Posición mundial en el ranking Scimago,https://www.scimagoir.com/getdata.php?ranking=Overall&area=&sector=&country=CHL&year=2026&top=0&format=csv&type=download,2026-09-25T04:49:07+00:00,selenium_cdp + requests
scimago,Universidad Finis Terrae,2024,2020-2024,scimago_mejor_cuartil,2.0,cuartil,Mejor cuartil alcanzado por la institución en el país,https://www.scimagoir.com/getdata.php?ranking=Overall&area=&sector=&country=CHL&year=2026&top=0&format=csv&type=download,2026-09-25T04:49:07+00:00,selenium_cdp + requests
scimago,Universidad de Atacama,2024,2020-2024,scimago_posicion_nacional,46.0,posición,Posición entre las instituciones chilenas del ranking Scimago,https://www.scimagoir.com/getdata.php?ranking=Overall&area=&sector=&country=CHL&year=2026&top=0&format=csv&type=download,2026-09-25T04:49:07+00:00,selenium_cdp + requests
scimago,Universidad de Atacama,2024,2020-2024,scimago_posicion_mundial,8673.0,posición,Posición mundial en el ranking Scimago,https://www.scimagoir.com/getdata.php?ranking=Overall&area=&sector=&country=CHL&year=2026&top=0&format=csv&type=download,2026-09-25T04:49:07+00:00,selenium_cdp + requests
scimago,Universidad de Atacama,2024,2020-2024,scimago_mejor_cuartil,3.0,cuartil,Mejor cuartil alcanzado por la institución en el país,https://www.scimagoir.com/getdata.php?ranking=Overall&area=&sector=&country=CHL&year=2026&top=0&format=csv&type=download,2026-09-25T04:49:07+00:00,selenium_cdp + requests
scimago,Universidad Bernardo O'Higgins,2024,2020-2024,scimago_posicion_nacional,47.0,posición,Posición entre las instituciones chilenas del ranking Scimago,https://www.scimagoir.com/getdata.php?ranking=Overall&area=&sector=&country=CHL&year=2026&top=0&format=csv&type=download,2026-09-25T04:49:07+00:00,selenium_cdp + requests
scimago,Universidad Bernardo O'Higgins,2024,2020-2024,scimago_posicion_mundial,8883.0,posición,Posición mundial en el ranking Scimago,https://www.scimagoir.com/getdata.php?ranking=Overall&area=&sector=&country=CHL&year=2026&top=0&format=csv&type=download,2026-09-25T04:49:07+00:00,selenium_cdp + requests
scimago,Universidad Bernardo O'Higgins,2024,2020-2024,scimago_mejor_cuartil,3.0,cuartil,Mejor cuartil alcanzado por la institución en el país,https://www.scimagoir.com/getdata.php?ranking=Overall&area=&sector=&country=CHL&year=2026&top=0&format=csv&type=download,2026-09-25T04:49:07+00:00,selenium_cdp + requests
scimago,Universidad Alberto Hurtado,2024,2020-2024,scimago_posicion_nacional,48.0,posición,Posición entre las instituciones chilenas del ranking Scimago,https://www.scimagoir.com/getdata.php?ranking=Overall&area=&sector=&country=CHL&year=2026&top=0&format=csv&type=download,2026-09-25T04:49:07+00:00,selenium_cdp + requests
scimago,Universidad Alberto Hurtado,2024,2020-2024,scimago_posicion_mundial,8964.0,posición,Posición mundial en el ranking Scimago,https://www.scimagoir.com/getdata.php?ranking=Overall&area=&sector=&country=CHL&year=2026&top=0&format=csv&type=download,2026-09-25T04:49:07+00:00,selenium_cdp + requests
scimago,Universidad Alberto Hurtado,2024,2020-2024,scimago_mejor_cuartil,3.0,cuartil,Mejor cuartil alcanzado por la institución en el país,https://www.scimagoir.com/getdata.php?ranking=Overall&area=&sector=&country=CHL&year=2026&top=0&format=csv&type=download,2026-09-25T04:49:07+00:00,selenium_cdp + requests
scimago,Universidad de Magallanes,2024,2020-2024,scimago_posicion_nacional,49.0,posición,Posición entre las instituciones chilenas del ranking Scimago,https://www.scimagoir.com/getdata.php?ranking=Overall&area=&sector=&country=CHL&year=2026&top=0&format=csv&type=download,2026-09-25T04:49:07+00:00,selenium_cdp + requests
scimago,Universidad de Magallanes,2024,2020-2024,scimago_posicion_mundial,9071.0,posición,Posición mundial en el ranking Scimago,https://www.scimagoir.com/getdata.php?ranking=Overall&area=&sector=&country=CHL&year=2026&top=0&format=csv&type=download,2026-09-25T04:49:07+00:00,selenium_cdp + requests
scimago,Universidad de Magallanes,2024,2020-2024,scimago_mejor_cuartil,3.0,cuartil,Mejor cuartil alcanzado por la institución en el país,https://www.scimagoir.com/getdata.php?ranking=Overall&area=&sector=&country=CHL&year=2026&top=0&format=csv&type=download,2026-09-25T04:49:07+00:00,selenium_cdp + requests
scimago,Universidad Catolica Cardenal Raul Silva Henriquez,2024,2020-2024,scimago_posicion_nacional,50.0,posición,Posición entre las instituciones chilenas del ranking Scimago,https://www.scimagoir.com/getdata.php?ranking=Overall&area=&sector=&country=CHL&year=2026&top=0&format=csv&type=download,2026-09-25T04:49:07+00:00,selenium_cdp + requests
scimago,Universidad Catolica Cardenal Raul Silva Henriquez,2024,2020-2024,scimago_posicion_mundial,9116.0,posición,Posición mundial en el ranking Scimago,https://www.scimagoir.com/getdata.php?ranking=Overall&area=&sector=&country=CHL&year=2026&top=0&format=csv&type=download,2026-09-25T04:49:07+00:00,selenium_cdp + requests
scimago,Universidad Catolica Cardenal Raul Silva Henriquez,2024,2020-2024,scimago_mejor_cuartil,2.0,cuartil,Mejor cuartil alcanzado por la institución en el país,https://www.scimagoir.com/getdata.php?ranking=Overall&area=&sector=&country=CHL&year=2026&top=0&format=csv&type=download,2026-09-25T04:49:07+00:00,selenium_cdp + requests
scimago,Universidad de Vina del Mar,2024,2020-2024,scimago_posicion_nacional,52.0,posición,Posición entre las instituciones chilenas del ranking Scimago,https://www.scimagoir.com/getdata.php?ranking=Overall&area=&sector=&country=CHL&year=2026&top=0&format=csv&type=download,2026-09-25T04:49:07+00:00,selenium_cdp + requests
scimago,Universidad de Vina del Mar,2024,2020-2024,scimago_posicion_mundial,9188.0,posición,Posición mundial en el ranking Scimago,https://www.scimagoir.com/getdata.php?ranking=Overall&area=&sector=&country=CHL&year=2026&top=0&format=csv&type=download,2026-09-25T04:49:07+00:00,selenium_cdp + requests
scimago,Universidad de Vina del Mar,2024,2020-2024,scimago_mejor_cuartil,3.0,cuartil,Mejor cuartil alcanzado por la institución en el país,https://www.scimagoir.com/getdata.php?ranking=Overall&area=&sector=&country=CHL&year=2026&top=0&format=csv&type=download,2026-09-25T04:49:07+00:00,selenium_cdp + requests
scimago,Universidad Metropolitana de Ciencias de la Educacion,2024,2020-2024,scimago_posicion_nacional,53.0,posición,Posición entre las instituciones chilenas del ranking Scimago,https://www.scimagoir.com/getdata.php?ranking=Overall&area=&sector=&country=CHL&year=2026&top=0&format=csv&type=download,2026-09-25T04:49:07+00:00,selenium_cdp + requests
scimago,Universidad Metropolitana de Ciencias de la Educacion,2024,2020-2024,scimago_posicion_mundial,9236.0,posición,Posición mundial en el ranking Scimago,https://www.scimagoir.com/getdata.php?ranking=Overall&area=&sector=&country=CHL&year=2026&top=0&format=csv&type=download,2026-09-25T04:49:07+00:00,selenium_cdp + requests
scimago,Universidad Metropolitana de Ciencias de la Educacion,2024,2020-2024,scimago_mejor_cuartil,3.0,cuartil,Mejor cuartil alcanzado por la institución en el país,https://www.scimagoir.com/getdata.php?ranking=Overall&area=&sector=&country=CHL&year=2026&top=0&format=csv&type=download,2026-09-25T04:49:07+00:00,selenium_cdp + requests
scimago,Universidad Adventista de Chile,2024,2020-2024,scimago_posicion_nacional,54.0,posición,Posición entre las instituciones chilenas del ranking Scimago,https://www.scimagoir.com/getdata.php?ranking=Overall&area=&sector=&country=CHL&year=2026&top=0&format=csv&type=download,2026-09-25T04:49:07+00:00,selenium_cdp + requests
scimago,Universidad Adventista de Chile,2024,2020-2024,scimago_posicion_mundial,9343.0,posición,Posición mundial en el ranking Scimago,https://www.scimagoir.com/getdata.php?ranking=Overall&area=&sector=&country=CHL&year=2026&top=0&format=csv&type=download,2026-09-25T04:49:07+00:00,selenium_cdp + requests
scimago,Universidad Adventista de Chile,2024,2020-2024,scimago_mejor_cuartil,3.0,cuartil,Mejor cuartil alcanzado por la institución en el país,https://www.scimagoir.com/getdata.php?ranking=Overall&area=&sector=&country=CHL&year=2026&top=0&format=csv&type=download,2026-09-25T04:49:07+00:00,selenium_cdp + requests
